"","quad","year","trackID","area.t1","area.t0","age","allEdge","distEdgeMin","Grazing","Group"
"1","q21",34,21,7.434286,15.18219,1,0,8.175537109375,"No","lb1"
"2","q21",34,22,3.220283,5.886714,1,0,4.37047576904297,"No","lb1"
"3","q21",34,23,1.878336,10.46225,1,0,6.44965362548828,"No","lb1"
"4","q21",34,24,12.462965,15.82423,1,0,17.2659454345703,"No","lb1"
"5","q21",37,23,64.00883,12.5696,4,0,0.970779418945312,"No","lb1"
"6","q21",47,43,45.09977,16.34812,1,0,7.31627655029297,"No","lb1"
"7","q21",48,43,41.303062,45.09977,2,0,0.108200073242188,"No","lb1"
"8","q21",49,43,22.385067,41.303062,3,0,1.02021789550781,"No","lb1"
"9","q21",50,43,14.056707,22.385067,4,0,-0.606582641601562,"No","lb1"
"10","q21",50,45,6.84104,4.72162,1,0,22.9215354919434,"No","lb1"
"11","q21",51,45,38.055835,6.84104,2,0,20.223762512207,"No","lb1"
"12","q21",52,45,47.438351,38.055835,3,0,16.7552642822266,"No","lb1"
"13","q21",53,45,79.81531,47.438351,4,0,13.6572017669678,"No","lb1"
"14","q21",53,48,13.07348,9.299331,1,1,0.797279357910156,"No","lb1"
"15","q21",54,45,54.188394,79.81531,5,0,11.0581750869751,"No","lb1"
"16","q21",54,48,4.847234,13.07348,2,0,3.95243835449219,"No","lb1"
"17","q21",55,45,18.1645,54.188394,6,0,8.6885871887207,"No","lb1"
"18","q21",55,48,7.945521,4.847234,3,0,4.75726318359375,"No","lb1"
"19","q21",56,45,206.04922,18.1645,7,0,9.78115940093994,"No","lb1"
"20","q21",56,48,43.24214,7.945521,4,1,0.327705383300781,"No","lb1"
"21","q21",57,45,99.199296,206.04922,8,0,8.14612007141113,"No","lb1"
"22","q21",57,48,5.804121,43.24214,5,0,-0.136192321777344,"No","lb1"
"23","q21",57,63,18.6996,16.58592,1,0,16.5041027069092,"No","lb1"
"24","q21",58,45,339.45296,99.199296,9,0,-0.0308828689157963,"No","lb1"
"25","q21",58,48,73.20167,5.804121,6,1,0.403867661952972,"No","lb1"
"26","q21",58,64,94.21203,6.692677,1,0,24.4609527587891,"No","lb1"
"27","q21",59,45,72.739164,339.45296,10,0,0.216589227318764,"No","lb1"
"28","q21",59,64,11.096288,94.21203,2,0,21.3040390014648,"No","lb1"
"29","q21",60,45,118.398511,72.739164,11,0,2.89791941642761,"No","lb1"
"30","q21",60,63,34.28978,6.883896,4,0,15.2605495452881,"No","lb1"
"31","q21",60,64,65.49814,11.096288,3,0,15.9524688720703,"No","lb1"
"32","q21",61,45,54.266239,118.398511,12,0,13.4443817138672,"No","lb1"
"33","q21",61,48,62.79583,47.87438,9,0,-1.01592254638672,"No","lb1"
"34","q21",61,63,81.7155,34.28978,5,0,13.4047384262085,"No","lb1"
"35","q21",61,64,57.37083,65.49814,4,0,9.78813934326172,"No","lb1"
"36","q21",61,66,152.23842,178.9836,1,0,-0.750328063964844,"No","lb1"
"37","q21",61,67,38.04114,16.27959,1,0,6.17943572998047,"No","lb1"
"38","q21",62,63,92.38878,81.7155,6,0,9.49699687957764,"No","lb1"
"39","q21",62,64,15.034553,57.37083,5,0,8.25959014892578,"No","lb1"
"40","q21",62,66,8.6903,152.23842,2,0,0.102035522460938,"No","lb1"
"41","q21",62,67,33.753551,38.04114,2,0,-0.101783752441406,"No","lb1"
"42","q21",63,63,161.2221024,92.38878,7,0,7.41252279281616,"No","lb1"
"43","q21",63,64,18.73526,15.034553,6,0,8.25541687011719,"No","lb1"
"44","q21",63,66,85.39264,8.6903,3,0,3.313720703125,"No","lb1"
"45","q21",63,67,79.0592,33.753551,3,0,4.59410858154297,"No","lb1"
"46","q21",64,48,4.900566,2.0040084,12,0,0.0816398486495018,"No","lb1"
"47","q21",64,63,220.05261,161.2221024,8,0,11.5096101760864,"No","lb1"
"48","q21",64,66,188.32599,85.39264,4,0,-1.24643707275391,"No","lb1"
"49","q21",64,67,35.938933,79.0592,4,0,-0.138816833496094,"No","lb1"
"50","q21",64,68,209.0249,27.32116,3,0,36.5632705688477,"No","lb1"
"51","q21",64,71,224.736586,30.49569,1,0,11.161979675293,"No","lb1"
"52","q21",65,63,60.406202,220.05261,9,0,-0.000210023776162416,"No","lb1"
"53","q21",65,66,148.4412942,188.32599,5,0,0.0543975830078125,"No","lb1"
"54","q21",65,67,23.83293,35.938933,5,0,2.36817932128906,"No","lb1"
"55","q21",65,68,146.7392,209.0249,4,0,25.0944671630859,"No","lb1"
"56","q21",65,71,100.885449,224.736586,2,0,1.94292449951172,"No","lb1"
"57","q21",66,48,32.21569,2.384475,14,1,-0.3746337890625,"No","lb1"
"58","q21",66,63,130.7896,60.406202,10,0,6.28696298599243,"No","lb1"
"59","q21",66,66,154.17779,148.4412942,6,0,-1.01431274414062,"No","lb1"
"60","q21",66,67,250.09146,23.83293,6,0,2.11724090576172,"No","lb1"
"61","q21",66,68,132.94141,146.7392,5,0,23.3241271972656,"No","lb1"
"62","q21",66,71,90.07566,100.885449,3,0,-0.209030151367188,"No","lb1"
"63","q21",67,63,230.3223,130.7896,11,0,3.01793074607849,"No","lb1"
"64","q21",67,66,295.77829,154.17779,7,0,3.82932281494141,"No","lb1"
"65","q21",67,67,106.5634,250.09146,7,0,0.0264663696289062,"No","lb1"
"66","q21",67,68,309.84435,132.94141,6,0,26.214958190918,"No","lb1"
"67","q23",58,28,58.52985,5.277493,1,1,1.31101226806641,"No","lb1"
"68","q23",59,28,29.68004,58.52985,2,0,-0.167411804199219,"No","lb1"
"69","q23",60,28,76.327881,29.68004,3,0,8.56684875488281,"No","lb1"
"70","q23",61,28,127.64295,76.327881,4,0,0.313400268554688,"No","lb1"
"71","q23",65,31,7.5987288,189.3165,1,0,0.642448425292969,"No","lb1"
"72","q23",66,31,40.46197,7.5987288,2,0,1.77149200439453,"No","lb1"
"73","q23",67,31,13.12093,40.46197,3,0,2.74772644042969,"No","lb1"
"74","q24",34,29,3.424381,6.774803,1,0,4.66504669189453,"No","lb1"
"75","q24",37,31,24.63293,12.36609,3,0,5.35366821289062,"No","lb1"
"76","q25",34,14,16.540888,67.21196,1,0,11.7779884338379,"No","bb1"
"77","q25",35,14,30.95354,16.540888,2,0,16.4266929626465,"No","bb1"
"78","q25",35,17,32.83276,8.956326,1,0,7.53493499755859,"No","bb1"
"79","q25",35,18,34.01133,4.538327,1,0,8.23220825195312,"No","bb1"
"80","q25",35,21,19.04556,8.875511,1,0,28.5313110351562,"No","bb1"
"81","q25",35,25,44.538178,13.88616,1,0,37.4005126953125,"No","bb1"
"82","q25",35,26,80.945562,12.30578,1,0,37.1090927124023,"No","bb1"
"83","q25",35,28,7.673703,5.507171,1,1,0.00571121601387858,"No","bb1"
"84","q25",35,31,18.22079,8.760097,1,0,35.0529403686523,"No","bb1"
"85","q25",35,32,11.23845,13.19199,1,0,26.4016094207764,"No","bb1"
"86","q25",35,33,16.79229,12.97169,1,0,28.1030941009521,"No","bb1"
"87","q25",35,36,18.74064,6.201932,1,0,26.5309524536133,"No","bb1"
"88","q25",35,37,24.29177,10.65672,1,0,20.1144943237305,"No","bb1"
"89","q25",35,39,46.26501,10.45789,1,0,23.4926071166992,"No","bb1"
"90","q25",35,40,4.179525,7.670898,1,0,22.1318187713623,"No","bb1"
"91","q25",35,42,26.676219,44.74428,1,0,13.3354377746582,"No","bb1"
"92","q25",35,43,8.043223,5.819349,1,0,2.87283086776733,"No","bb1"
"93","q25",35,44,6.570367,8.018107,1,1,0.523229897022247,"No","bb1"
"94","q25",36,14,28.66345,30.95354,3,0,9.45114421844482,"No","bb1"
"95","q25",36,17,32.932076,32.83276,2,0,5.68805694580078,"No","bb1"
"96","q25",36,18,22.40633,34.01133,2,0,5.61397552490234,"No","bb1"
"97","q25",36,25,41.853721,44.538178,2,0,35.9539222717285,"No","bb1"
"98","q25",36,28,27.20811,7.673703,2,0,3.16931629180908,"No","bb1"
"99","q25",36,33,51.2939,16.79229,2,0,27.9792308807373,"No","bb1"
"100","q25",36,36,2.254697,18.74064,2,0,27.8719577789307,"No","bb1"
"101","q25",36,37,25.464776,24.29177,2,0,15.7633848190308,"No","bb1"
"102","q25",36,39,291.6909,46.26501,2,0,26.0107345581055,"No","bb1"
"103","q25",36,42,10.209979,26.676219,2,0,6.59659624099731,"No","bb1"
"104","q25",36,43,20.342257,8.043223,2,0,-0.0963825508952141,"No","bb1"
"105","q25",36,44,4.607583,6.570367,2,0,2.76703786849976,"No","bb1"
"106","q25",36,45,22.12288,30.47528,1,0,2.87569403648376,"No","bb1"
"107","q25",36,47,2.649576,5.38015,1,0,28.8191680908203,"No","bb1"
"108","q25",37,14,20.44334,28.66345,4,0,7.9443039894104,"No","bb1"
"109","q25",37,17,31.52555,32.932076,3,0,8.06534576416016,"No","bb1"
"110","q25",37,18,12.1667,22.40633,3,0,8.89512634277344,"No","bb1"
"111","q25",37,25,33.83777,41.853721,3,0,36.8426513671875,"No","bb1"
"112","q25",37,28,53.63782,27.20811,3,0,0.0367895029485226,"No","bb1"
"113","q25",37,33,79.41372,51.2939,3,0,25.5553646087646,"No","bb1"
"114","q25",37,37,49.91443,25.464776,3,0,16.6949253082275,"No","bb1"
"115","q25",37,39,78.721536,291.6909,3,0,25.1027374267578,"No","bb1"
"116","q25",37,43,8.973026,20.342257,3,0,-0.0739177316427231,"No","bb1"
"117","q25",37,45,10.46339,22.12288,2,0,0.891775846481323,"No","bb1"
"118","q25",38,14,9.494065,20.44334,5,0,5.17282104492188,"No","bb1"
"119","q25",38,17,8.594028,31.52555,4,0,8.29476165771484,"No","bb1"
"120","q25",38,18,7.855931,12.1667,4,0,10.0699996948242,"No","bb1"
"121","q25",38,28,51.29741,53.63782,4,0,2.49261856079102,"No","bb1"
"122","q25",38,33,24.836033,79.41372,4,0,20.5509853363037,"No","bb1"
"123","q25",38,37,32.736443,49.91443,4,0,18.3888683319092,"No","bb1"
"124","q25",38,39,3.86098,78.721536,4,0,26.1013946533203,"No","bb1"
"125","q25",42,60,12.30041,77.26994,1,0,3.01364922523499,"No","bb1"
"126","q25",42,61,104.05527,214.0775,1,0,4.18871068954468,"No","bb1"
"127","q25",43,61,158.87928,104.05527,2,0,4.35517835617065,"No","bb1"
"128","q25",44,60,45.6173,81.08541,3,0,3.04908156394958,"No","bb1"
"129","q25",44,61,121.87526,158.87928,3,0,5.26464748382568,"No","bb1"
"130","q25",45,60,157.4262,45.6173,4,0,0.222765415906906,"No","bb1"
"131","q25",45,61,126.957203,121.87526,4,0,6.35477256774902,"No","bb1"
"132","q25",46,60,177.58424,157.4262,5,0,0.184351712465286,"No","bb1"
"133","q25",46,61,484.60675,126.957203,5,0,-0.437997847795486,"No","bb1"
"134","q25",47,60,108.351,177.58424,6,0,0.0329481437802315,"No","bb1"
"135","q25",47,61,298.27103,484.60675,6,0,-0.3049595952034,"No","bb1"
"136","q25",48,60,58.367787,108.351,7,0,4.0867772102356,"No","bb1"
"137","q25",48,61,141.02648,298.27103,7,0,0.023839583620429,"No","bb1"
"138","q25",48,65,28.927125,53.63921,1,0,-0.172069475054741,"No","bb1"
"139","q25",49,60,57.629157,58.367787,8,0,3.07520699501038,"No","bb1"
"140","q25",49,61,216.001512,141.02648,8,0,-0.0489007569849491,"No","bb1"
"141","q25",49,65,42.407762,28.927125,2,1,-0.617457687854767,"No","bb1"
"142","q25",49,67,4.9005,4.802005,1,0,20.4543571472168,"No","bb1"
"143","q25",50,60,85.609323,57.629157,9,0,4.53667545318604,"No","bb1"
"144","q25",50,61,292.379008,216.001512,9,0,-0.203145295381546,"No","bb1"
"145","q25",50,65,10.41622,42.407762,3,0,-0.734565496444702,"No","bb1"
"146","q25",51,60,85.638058,85.609323,10,0,1.90689945220947,"No","bb1"
"147","q25",51,61,254.620045,292.379008,10,0,0.00498671224340796,"No","bb1"
"148","q25",51,68,4.438212,5.384119,1,0,31.231273651123,"No","bb1"
"149","q25",51,70,5.075147,5.99081,1,0,46.6804275512695,"No","bb1"
"150","q25",52,60,153.5533,85.638058,11,0,1.01694691181183,"No","bb1"
"151","q25",52,61,637.534543,254.620045,11,0,-0.343500733375549,"No","bb1"
"152","q25",52,68,16.83305,4.438212,2,0,32.815544128418,"No","bb1"
"153","q25",52,71,55.96247,6.945252,1,1,0.453697204589844,"No","bb1"
"154","q25",52,72,22.69545,3.904596,1,0,5.53690576553345,"No","bb1"
"155","q25",53,60,383.646043,153.5533,12,0,-0.0499663166701794,"No","bb1"
"156","q25",53,61,817.479066,637.534543,12,0,-0.00965291075408459,"No","bb1"
"157","q25",53,71,41.61508,55.96247,2,0,0.576499938964844,"No","bb1"
"158","q25",53,72,4.803534,22.69545,2,1,-0.0933094024658203,"No","bb1"
"159","q25",54,60,436.563,383.646043,13,0,-0.0639608949422836,"No","bb1"
"160","q25",54,61,1328.76374,817.479066,13,0,-0.000792812497820705,"No","bb1"
"161","q25",54,71,26.721926,41.61508,3,0,0.719963073730469,"No","bb1"
"162","q25",54,72,32.62783,4.803534,3,1,1.21513557434082,"No","bb1"
"163","q25",55,60,179.46624,436.563,14,0,-0.0478858798742294,"No","bb1"
"164","q25",55,61,732.53699,1328.76374,14,0,0.418908834457397,"No","bb1"
"165","q25",55,71,5.182839,26.721926,4,0,1.34885406494141,"No","bb1"
"166","q25",56,60,220.80899,179.46624,15,0,-0.355632126331329,"No","bb1"
"167","q25",56,61,725.433932,732.53699,15,0,0.824345648288727,"No","bb1"
"168","q25",56,71,121.32477,5.182839,5,1,0.878031730651855,"No","bb1"
"169","q25",56,79,95.5953,21.60464,1,0,27.0186538696289,"No","bb1"
"170","q25",57,60,167.57288,220.80899,16,0,0.111626863479614,"No","bb1"
"171","q25",57,61,2161.59968,725.433932,16,0,1.24681079387665,"No","bb1"
"172","q25",57,71,27.89361,121.32477,6,0,0.0495135709643364,"No","bb1"
"173","q25",57,79,295.62048,95.5953,2,0,32.5914001464844,"No","bb1"
"174","q25",57,81,33.30398,32.43923,1,0,0.670677185058594,"No","bb1"
"175","q25",57,82,61.02337,18.55053,1,0,1.29168701171875,"No","bb1"
"176","q25",57,87,74.71859,55.64434,1,0,10.0102157592773,"No","bb1"
"177","q25",57,88,57.70071,34.74109,1,0,0.444938659667969,"No","bb1"
"178","q25",57,89,143.70896,45.47586,1,0,16.2813568115234,"No","bb1"
"179","q25",58,60,141.11342,167.57288,17,0,3.23953771591187,"No","bb1"
"180","q25",58,61,757.566529,2161.59968,17,0,0.312110275030136,"No","bb1"
"181","q25",58,79,145.10816,295.62048,3,0,18.4293594360352,"No","bb1"
"182","q25",58,81,13.12374,33.30398,2,0,-0.00083160400390625,"No","bb1"
"183","q25",58,82,13.58602,61.02337,2,0,4.93364715576172,"No","bb1"
"184","q25",58,87,50.78866,74.71859,2,0,17.7714767456055,"No","bb1"
"185","q25",58,89,16.14162,143.70896,2,0,10.2402496337891,"No","bb1"
"186","q25",58,92,30.08957,32.76163,1,0,4.86563110351562,"No","bb1"
"187","q25",59,60,489.7817,141.11342,18,0,1.54468584060669,"No","bb1"
"188","q25",59,61,696.526566,757.566529,18,0,0.655899584293365,"No","bb1"
"189","q25",59,79,697.6976,145.10816,4,0,16.3835411071777,"No","bb1"
"190","q25",59,87,196.97707,50.78866,3,0,18.5440826416016,"No","bb1"
"191","q25",59,89,173.4749,16.14162,3,0,8.14130401611328,"No","bb1"
"192","q25",60,60,540.28751,489.7817,19,0,0.0381972044706345,"No","bb1"
"193","q25",60,61,1522.850021,696.526566,19,0,-0.693768858909607,"No","bb1"
"194","q25",60,79,1004.165001,697.6976,5,0,6.10487651824951,"No","bb1"
"195","q25",60,87,413.56248,196.97707,4,0,11.8361587524414,"No","bb1"
"196","q25",60,89,211.56,173.4749,4,0,-0.764183044433594,"No","bb1"
"197","q25",61,60,656.94664,540.28751,20,0,0.150000005960464,"No","bb1"
"198","q25",61,61,430.227493,1522.850021,20,0,0.200000002980232,"No","bb1"
"199","q25",61,79,330.372848,1004.165001,6,0,1.35000002384186,"No","bb1"
"200","q25",61,87,645.85974,413.56248,5,0,10.75,"No","bb1"
"201","q25",61,89,68.17198,211.56,5,0,1.75,"No","bb1"
"202","q25",61,94,7.483802,92.105,1,0,3.40000152587891,"No","bb1"
"203","q25",61,95,5.696786,62.7675,1,0,-0.699996948242188,"No","bb1"
"204","q25",62,60,146.491215,656.94664,21,0,-0.255370229482651,"No","bb1"
"205","q25",62,61,341.196287,430.227493,21,0,-0.38326957821846,"No","bb1"
"206","q25",62,79,266.193645,330.372848,7,0,0.192926123738289,"No","bb1"
"207","q25",62,87,1484.908773,645.85974,6,0,1.32277679443359,"No","bb1"
"208","q25",63,60,886.40608,146.491215,22,0,11.5388021469116,"No","bb1"
"209","q25",63,61,470.38257,341.196287,22,0,-0.0451318249106407,"No","bb1"
"210","q25",63,79,296.45945,266.193645,8,0,0.626606345176697,"No","bb1"
"211","q25",63,87,965.64837,1484.908773,7,0,-0.0166473388671875,"No","bb1"
"212","q25",64,60,950.93534,886.40608,23,0,0.0211413726210594,"No","bb1"
"213","q25",64,61,1301.95823,470.38257,23,0,-0.147366911172867,"No","bb1"
"214","q25",64,87,3807.99707,965.64837,8,0,-0.1014404296875,"No","bb1"
"215","q25",65,60,392.26963,950.93534,24,0,-0.1534423828125,"No","bb1"
"216","q25",65,61,760.7109007,1301.95823,24,0,-0.702162384986877,"No","bb1"
"217","q25",65,87,904.6508128,3807.99707,9,0,-1.00076293945312,"No","bb1"
"218","q25",66,60,336.88445,392.26963,25,0,-0.0913162231445312,"No","bb1"
"219","q25",66,61,415.56219,760.7109007,25,0,-0.121696271002293,"No","bb1"
"220","q25",66,87,837.02751,904.6508128,10,0,-0.0353927612304688,"No","bb1"
"221","q25",67,60,577.95683,336.88445,26,0,0.0019940787460655,"No","bb1"
"222","q25",67,61,772.8588442,415.56219,26,0,-0.0118087502196431,"No","bb1"
"223","q25",67,87,2551.5232542,837.02751,11,0,-0.0253717433661222,"No","bb1"
"224","q25",70,103,4.193542,11.77113,1,1,0.03472900390625,"No","bb1"
"225","q25",70,61,909.33549,474.22683,29,0,-0.101009108126163,"No","bb1"
"226","q25",70,87,3271.735067,1342.179024,14,0,-0.28118896484375,"No","bb1"
"227","q25",71,87,6970.594,3271.735067,15,0,-0.851287841796875,"No","bb1"
"228","q27",34,36,45.07986,6.294331,1,1,1.16063690185547,"No","bb1"
"229","q27",34,37,7.625478,9.535957,1,1,1.89476776123047,"No","bb1"
"230","q27",34,40,46.657617,14.92155,1,0,8.56487274169922,"No","bb1"
"231","q27",34,41,26.98065,12.55559,1,0,8.61177062988281,"No","bb1"
"232","q27",34,42,21.85098,10.75238,1,1,0.0381258092820644,"No","bb1"
"233","q27",34,45,8.120837,11.86337,1,0,5.11949920654297,"No","bb1"
"234","q27",34,46,67.837,16.7077,1,0,8.94490718841553,"No","bb1"
"235","q27",34,47,26.41643,17.47888,1,0,22.505500793457,"No","bb1"
"236","q27",34,49,4.075511,14.13874,1,0,7.24675035476685,"No","bb1"
"237","q27",34,52,66.31618,5.900476,1,0,34.5455856323242,"No","bb1"
"238","q27",34,54,19.775076,11.7941,1,0,8.54310894012451,"No","bb1"
"239","q27",34,56,6.745049,10.32421,1,0,11.7775831222534,"No","bb1"
"240","q27",34,57,19.11656,10.61882,1,0,21.0317459106445,"No","bb1"
"241","q27",34,60,78.5712,13.66911,1,0,37.197509765625,"No","bb1"
"242","q27",34,61,7.144761,7.881029,1,0,17.0848274230957,"No","bb1"
"243","q27",34,62,40.15242,10.53258,1,1,1.04359257221222,"No","bb1"
"244","q27",34,63,50.82814,28.03426,1,0,16.2136516571045,"No","bb1"
"245","q27",35,36,10.51234,45.07986,2,0,-0.071380615234375,"No","bb1"
"246","q27",35,37,7.121329,7.625478,2,1,0.484138488769531,"No","bb1"
"247","q27",35,40,119.58432,46.657617,2,0,8.09912109375,"No","bb1"
"248","q27",35,45,14.28373,8.120837,2,0,1.64727306365967,"No","bb1"
"249","q27",35,46,132.182546,67.837,2,0,7.31657695770264,"No","bb1"
"250","q27",35,47,28.88956,26.41643,2,0,26.0293960571289,"No","bb1"
"251","q27",35,52,82.073871,66.31618,2,0,36.8477096557617,"No","bb1"
"252","q27",35,54,42.43825,19.775076,2,0,5.61398506164551,"No","bb1"
"253","q27",35,56,92.09833,6.745049,2,0,7.65064477920532,"No","bb1"
"254","q27",35,57,85.046501,19.11656,2,0,22.0324211120605,"No","bb1"
"255","q27",35,60,57.621123,78.5712,2,0,27.8232917785645,"No","bb1"
"256","q27",35,61,7.830587,7.144761,2,0,23.8241367340088,"No","bb1"
"257","q27",35,62,34.68015,40.15242,2,0,-0.00478421803563833,"No","bb1"
"258","q27",35,63,75.58615,50.82814,2,0,8.58408355712891,"No","bb1"
"259","q27",35,65,16.88632,12.42573,1,0,9.73044586181641,"No","bb1"
"260","q27",35,66,32.7398,11.49943,1,0,11.9274520874023,"No","bb1"
"261","q27",35,67,319.7005,307.2294,1,0,7.64408111572266,"No","bb1"
"262","q27",35,69,64.2374,6.190556,1,0,23.4726943969727,"No","bb1"
"263","q27",35,70,27.30381,9.938767,1,0,25.9113464355469,"No","bb1"
"264","q27",35,74,21.26029,6.885901,1,0,32.7474632263184,"No","bb1"
"265","q27",35,76,12.20506,91.32693,1,0,19.0771198272705,"No","bb1"
"266","q27",35,78,29.315914,56.35712,1,0,-0.0027008056640625,"No","bb1"
"267","q27",35,81,61.924234,14.87428,1,0,9.38534545898438,"No","bb1"
"268","q27",35,82,111.53167,115.3312,1,0,0.0004864537040703,"No","bb1"
"269","q27",35,83,36.20211,13.53219,1,0,4.58911228179932,"No","bb1"
"270","q27",35,84,16.64225,10.00445,1,0,6.33285331726074,"No","bb1"
"271","q27",35,87,72.777085,8.422966,1,1,0.0552050955593586,"No","bb1"
"272","q27",36,36,106.87548,10.51234,3,0,4.33698272705078,"No","bb1"
"273","q27",36,40,48.804984,119.58432,3,0,-0.0902481079101562,"No","bb1"
"274","q27",36,43,10.69012,18.88125,3,0,14.4612731933594,"No","bb1"
"275","q27",36,45,19.3736,14.28373,3,0,5.45726871490479,"No","bb1"
"276","q27",36,46,261.439177,132.182546,3,0,2.26057124137878,"No","bb1"
"277","q27",36,52,57.868988,82.073871,3,0,32.2252082824707,"No","bb1"
"278","q27",36,54,49.50022,42.43825,3,0,3.21435403823853,"No","bb1"
"279","q27",36,56,78.458323,92.09833,3,0,-0.0205195974558592,"No","bb1"
"280","q27",36,57,155.56448,85.046501,3,0,17.6840705871582,"No","bb1"
"281","q27",36,60,54.689564,57.621123,3,0,22.7013645172119,"No","bb1"
"282","q27",36,61,10.4791811,7.830587,3,0,18.0213031768799,"No","bb1"
"283","q27",36,62,53.554717,34.68015,3,1,-0.0485867969691753,"No","bb1"
"284","q27",36,63,91.457703,75.58615,3,0,4.43377304077148,"No","bb1"
"285","q27",36,67,270.483139,319.7005,2,0,0.057708740234375,"No","bb1"
"286","q27",36,70,26.70973,27.30381,2,0,28.5042953491211,"No","bb1"
"287","q27",36,74,15.087247,21.26029,2,0,26.6227016448975,"No","bb1"
"288","q27",36,76,36.33692,12.20506,2,0,27.6137790679932,"No","bb1"
"289","q27",36,78,11.057335,29.315914,2,0,-0.0600509643554688,"No","bb1"
"290","q27",36,81,2.527364,61.924234,2,0,0.801795959472656,"No","bb1"
"291","q27",36,82,56.3024834,111.53167,2,0,-0.0647393688559532,"No","bb1"
"292","q27",36,83,60.36744,36.20211,2,0,1.60201668739319,"No","bb1"
"293","q27",36,84,35.089902,16.64225,2,0,6.15887689590454,"No","bb1"
"294","q27",36,87,8.862805,72.777085,2,0,1.69601941108704,"No","bb1"
"295","q27",36,88,12.176389,9.954012,1,0,11.2286148071289,"No","bb1"
"296","q27",36,89,4.162782,8.095193,1,1,2.19318389892578,"No","bb1"
"297","q27",36,91,15.286258,11.30876,1,0,10.600793838501,"No","bb1"
"298","q27",37,36,49.84251,106.87548,4,0,-0.0318832397460938,"No","bb1"
"299","q27",37,40,111.745003,48.804984,4,0,4.35544586181641,"No","bb1"
"300","q27",37,46,32.845002,261.439177,4,0,0.194868087768555,"No","bb1"
"301","q27",37,52,34.11,57.868988,4,0,36.5648803710938,"No","bb1"
"302","q27",37,54,21.485,49.50022,4,0,0.0593647249042988,"No","bb1"
"303","q27",37,56,31.0825,78.458323,4,0,2.42619109153748,"No","bb1"
"304","q27",37,57,73.2775,155.56448,4,0,9.52130889892578,"No","bb1"
"305","q27",37,60,48.547501,54.689564,4,0,21.0118179321289,"No","bb1"
"306","q27",37,62,28.6825,53.554717,4,0,-0.239402487874031,"No","bb1"
"307","q27",37,63,44.5525,91.457703,4,0,-0.308572292327881,"No","bb1"
"308","q27",37,67,206.082483,270.483139,3,0,0.263763427734375,"No","bb1"
"309","q27",37,70,19.89,26.70973,3,0,29.6281433105469,"No","bb1"
"310","q27",37,76,32.9975,36.33692,3,0,23.8028717041016,"No","bb1"
"311","q27",37,82,55.5425,56.3024834,3,0,0.00815610308200121,"No","bb1"
"312","q27",37,83,34.1625,60.36744,3,0,1.44700741767883,"No","bb1"
"313","q27",37,84,40.0025,35.089902,3,0,0.963125884532928,"No","bb1"
"314","q27",37,87,45.895002,8.862805,3,0,3.06822395324707,"No","bb1"
"315","q27",37,89,27.7425,4.162782,2,0,6.47813415527344,"No","bb1"
"316","q27",37,91,18.3125,15.286258,2,0,9.35842227935791,"No","bb1"
"317","q27",38,36,8.516986,49.84251,5,0,3.94999694824219,"No","bb1"
"318","q27",38,40,21.134156,111.745003,5,0,-0.349998474121094,"No","bb1"
"319","q27",38,46,71.02777,32.845002,5,0,0.100000001490116,"No","bb1"
"320","q27",38,52,18.38962,34.11,5,0,39.4000015258789,"No","bb1"
"321","q27",38,54,34.006875,21.485,5,0,2.59999990463257,"No","bb1"
"322","q27",38,56,33.292926,31.0825,5,0,8.85000038146973,"No","bb1"
"323","q27",38,57,99.402149,73.2775,5,0,11.5500001907349,"No","bb1"
"324","q27",38,62,20.56573,28.6825,5,0,1,"No","bb1"
"325","q27",38,63,8.014475,44.5525,5,0,0.200000002980232,"No","bb1"
"326","q27",38,67,142.948318,206.082483,4,0,-0.199996948242188,"No","bb1"
"327","q27",38,70,10.75162,19.89,4,0,28.6999969482422,"No","bb1"
"328","q27",38,82,22.767225,55.5425,4,0,9.64999961853027,"No","bb1"
"329","q27",38,89,6.919309,27.7425,3,0,0.75,"No","bb1"
"330","q27",39,36,10.02807,8.516986,6,0,9.49677276611328,"No","bb1"
"331","q27",39,40,42.525969,21.134156,6,0,0.693367004394531,"No","bb1"
"332","q27",39,46,29.104741,71.02777,6,0,0.214979469776154,"No","bb1"
"333","q27",39,52,20.381483,18.38962,6,0,33.7950210571289,"No","bb1"
"334","q27",39,57,29.581574,99.402149,6,0,4.88297176361084,"No","bb1"
"335","q27",39,67,61.026838,142.948318,5,0,2.95094299316406,"No","bb1"
"336","q27",39,70,11.372368,10.75162,5,0,30.3768844604492,"No","bb1"
"337","q27",39,87,23.334749,18.49872,5,0,9.18708419799805,"No","bb1"
"338","q27",39,94,3.215351,5.765474,1,0,3.78670501708984,"No","bb1"
"339","q27",40,87,4.352205,23.334749,6,0,6.74985313415527,"No","bb1"
"340","q27",42,76,41.08366,11.55061,8,0,19.3116054534912,"No","bb1"
"341","q27",43,101,60.30659,25.7428,1,0,28.2339553833008,"No","bb1"
"342","q27",43,102,92.75376,79.80057,1,1,-0.069143533706665,"No","bb1"
"343","q27",43,103,27.38583,24.44778,1,0,22.3517303466797,"No","bb1"
"344","q27",43,104,30.18845,89.40817,1,0,31.7066688537598,"No","bb1"
"345","q27",43,105,53.71598,42.89842,1,0,29.4480514526367,"No","bb1"
"346","q27",43,107,25.30731,41.39721,1,0,23.9853744506836,"No","bb1"
"347","q27",43,67,26.31663,28.84994,9,0,10.3094635009766,"No","bb1"
"348","q27",43,76,31.70923,41.08366,9,0,18.05348777771,"No","bb1"
"349","q27",43,87,12.2073,9.609413,9,0,13.4674301147461,"No","bb1"
"350","q27",43,97,24.77633,10.07747,1,0,11.4162979125977,"No","bb1"
"351","q27",43,98,92.38821,52.89724,1,0,14.6325531005859,"No","bb1"
"352","q27",43,99,599.99657,351.2419,1,0,10.1444444656372,"No","bb1"
"353","q27",44,102,141.9083,92.75376,2,0,-0.0118027003481984,"No","bb1"
"354","q27",44,98,3.043282,92.38821,2,0,12.4222106933594,"No","bb1"
"355","q27",44,99,5255.241,599.99657,2,0,8.76336860656738,"No","bb1"
"356","q27",45,99,6535.3626,5255.241,3,0,-0.613990783691406,"No","bb1"
"357","q27",46,99,2035.327384,6535.3626,4,0,-1.20683288574219,"No","bb1"
"358","q27",47,99,3396.73817,2035.327384,5,0,-0.728843688964844,"No","bb1"
"359","q27",48,99,826.020282,3396.73817,6,0,-0.388603210449219,"No","bb1"
"360","q27",49,99,1114.2699113,826.020282,7,0,-0.834007263183594,"No","bb1"
"361","q27",50,120,28.16234,31.00582,1,0,-0.498426854610443,"No","bb1"
"362","q27",50,99,1661.341264,1114.2699113,8,0,-0.908073425292969,"No","bb1"
"363","q27",51,99,7244.573606,1661.341264,9,0,-0.003753662109375,"No","bb1"
"364","q27",52,99,3098.122296,7244.573606,10,0,-0.197319030761719,"No","bb1"
"365","q27",53,99,1772.595603,3098.122296,11,0,-0.3201904296875,"No","bb1"
"366","q27",54,99,3941.574339,1772.595603,12,0,-0.258308410644531,"No","bb1"
"367","q27",55,99,2238.841064,3941.574339,13,0,-0.0440700389444828,"No","bb1"
"368","q27",56,99,4444.292078,2238.841064,14,0,-0.0497261099517345,"No","bb1"
"369","q27",57,99,2402.074759,4444.292078,15,0,-0.431049466133118,"No","bb1"
"370","q27",58,99,1909.49667,2402.074759,16,0,-0.209213599562645,"No","bb1"
"371","q27",59,99,3867.7305752,1909.49667,17,0,-0.33148193359375,"No","bb1"
"372","q27",60,99,3740.9719115,3867.7305752,18,0,-0.0936331450939178,"No","bb1"
"373","q27",61,99,845.6834568,3740.9719115,19,0,-0.514673233032227,"No","bb1"
"374","q27",62,99,1867.7723671,845.6834568,20,0,-0.613232374191284,"No","bb1"
"375","q27",63,99,2776.150918,1867.7723671,21,0,-0.116249084472656,"No","bb1"
"376","q27",64,99,4972.080203,2776.150918,22,0,-0.316009521484375,"No","bb1"
"377","q27",65,99,5441.496696,4972.080203,23,0,-0.398681640625,"No","bb1"
"378","q27",66,99,2463.38085,5441.496696,24,0,-0.798636555671692,"No","bb1"
"379","q27",67,99,2798.3612359,2463.38085,25,0,-0.191780284047127,"No","bb1"
"380","q27",70,99,6936.3976,3815.217778,28,0,-0.374282836914062,"No","bb1"
"381","q27",71,99,3024.5249599,6936.3976,29,0,-0.63875687122345,"No","bb1"
"382","q28",34,47,2957.036235,6175.24,1,0,-0.020802391692996,"No","bb1"
"383","q28",37,47,319.05806,741.780948,4,0,-0.292387336492538,"No","bb1"
"384","q28",37,49,31.8489035,29.65239,1,0,23.7654571533203,"No","bb1"
"385","q28",37,51,27.27188,18.88069,1,0,39.9556694030762,"No","bb1"
"386","q28",37,52,32.521376,19.97509,1,0,6.48476839065552,"No","bb1"
"387","q28",37,54,16.29024,16.09243,1,1,-0.414603799581528,"No","bb1"
"388","q28",38,47,210.964647,319.05806,5,0,-0.0170668046921492,"No","bb1"
"389","q28",38,52,17.92492,32.521376,2,0,-0.242195218801498,"No","bb1"
"390","q28",38,54,7.46227,16.29024,2,0,0.23640501499176,"No","bb1"
"391","q28",43,67,72.10011,8.545159,1,1,-0.0606536865234375,"No","bb1"
"392","q28",43,68,40.08816,4.783551,1,0,11.8730010986328,"No","bb1"
"393","q28",43,69,41.29016,24.26054,1,0,23.8262538909912,"No","bb1"
"394","q28",43,73,21.25511,1.420341,1,0,7.15339183807373,"No","bb1"
"395","q28",43,74,35.89484,33.95413,1,0,2.68107318878174,"No","bb1"
"396","q28",44,65,20.68765,36.56886,3,0,3.80882263183594,"No","bb1"
"397","q28",44,66,48.706286,35.96356,3,0,7.53016901016235,"No","bb1"
"398","q28",44,67,42.253101,72.10011,2,0,4.57415771484375,"No","bb1"
"399","q28",44,68,10.63469,40.08816,2,0,8.15180206298828,"No","bb1"
"400","q28",44,69,91.4239,41.29016,2,0,21.2762508392334,"No","bb1"
"401","q28",44,73,9.171137,21.25511,2,0,1.02396273612976,"No","bb1"
"402","q28",44,74,49.26202,35.89484,2,0,0.281328767538071,"No","bb1"
"403","q28",44,76,11.21005,11.8962,1,0,6.91435241699219,"No","bb1"
"404","q28",44,77,56.96109,26.23529,1,0,15.4014205932617,"No","bb1"
"405","q28",44,78,16.20628,42.66993,1,0,36.808666229248,"No","bb1"
"406","q28",44,79,23.92346,38.24429,1,0,25.8664741516113,"No","bb1"
"407","q28",44,81,19.58818,17.18541,1,0,7.87749481201172,"No","bb1"
"408","q28",45,65,20.74501,20.68765,4,0,2.75489807128906,"No","bb1"
"409","q28",45,66,77.0625,48.706286,4,0,4.03981351852417,"No","bb1"
"410","q28",45,67,84.810469,42.253101,3,0,0.278450012207031,"No","bb1"
"411","q28",45,68,47.43032,10.63469,3,0,17.3968353271484,"No","bb1"
"412","q28",45,69,140.93367,91.4239,3,0,20.197696685791,"No","bb1"
"413","q28",45,73,61.72746,9.171137,3,1,1.06629586219788,"No","bb1"
"414","q28",45,74,44.79192,49.26202,3,0,-0.197491496801376,"No","bb1"
"415","q28",45,76,55.87343,11.21005,2,0,10.4842910766602,"No","bb1"
"416","q28",45,77,84.82969,56.96109,2,0,9.04658508300781,"No","bb1"
"417","q28",45,79,67.53304,23.92346,2,0,28.1943664550781,"No","bb1"
"418","q28",45,81,45.015421,19.58818,2,0,7.65274810791016,"No","bb1"
"419","q28",46,65,11.60176,20.74501,5,1,0.472862243652344,"No","bb1"
"420","q28",46,66,350.2211,77.0625,5,0,2.21884965896606,"No","bb1"
"421","q28",46,67,123.6372,84.810469,4,0,1.85430145263672,"No","bb1"
"422","q28",46,68,8.671985,47.43032,4,0,18.8465805053711,"No","bb1"
"423","q28",46,69,351.195,140.93367,4,0,18.2434940338135,"No","bb1"
"424","q28",46,73,20.009,61.72746,4,0,-0.713748514652252,"No","bb1"
"425","q28",46,74,107.22235,44.79192,4,0,-0.115654192864895,"No","bb1"
"426","q28",46,76,64.51336,55.87343,3,0,0.0348968505859375,"No","bb1"
"427","q28",46,77,50.128029,84.82969,3,0,9.78452301025391,"No","bb1"
"428","q28",46,79,43.61339,67.53304,3,0,24.8231754302979,"No","bb1"
"429","q28",46,80,21.21051,16.19764,3,1,-0.309026569128036,"No","bb1"
"430","q28",46,81,45.787696,45.015421,3,0,2.43309020996094,"No","bb1"
"431","q28",46,86,10.70719,15.89458,1,0,5.15023040771484,"No","bb1"
"432","q28",46,87,32.5356,13.09453,1,0,5.00897979736328,"No","bb1"
"433","q28",46,89,11.73242,22.71611,1,0,27.2766342163086,"No","bb1"
"434","q28",46,90,26.30939,22.74446,1,0,19.7394580841064,"No","bb1"
"435","q28",46,91,11.27318,28.71394,1,0,17.7880725860596,"No","bb1"
"436","q28",47,65,54.41211,11.60176,6,0,7.64733123779297,"No","bb1"
"437","q28",47,66,163.21432,350.2211,6,0,0.462791472673416,"No","bb1"
"438","q28",47,67,70.89796,123.6372,5,0,6.8016357421875,"No","bb1"
"439","q28",47,68,46.46595,8.671985,5,0,22.3592071533203,"No","bb1"
"440","q28",47,69,352.2025,351.195,5,0,18.7786808013916,"No","bb1"
"441","q28",47,74,79.31113,107.22235,5,0,-0.0859898775815964,"No","bb1"
"442","q28",47,76,404.9261,64.51336,4,0,3.55341339111328,"No","bb1"
"443","q28",47,77,26.65344,50.128029,4,0,9.08390808105469,"No","bb1"
"444","q28",47,79,20.08237,43.61339,4,0,33.7223434448242,"No","bb1"
"445","q28",47,80,58.54912,21.21051,4,0,2.7629861831665,"No","bb1"
"446","q28",47,81,87.75845,45.787696,4,0,2.09417724609375,"No","bb1"
"447","q28",47,86,18.83045,10.70719,2,0,10.2844467163086,"No","bb1"
"448","q28",47,87,109.7484,32.5356,2,0,1.07316589355469,"No","bb1"
"449","q28",47,89,31.50871,11.73242,2,0,29.8614501953125,"No","bb1"
"450","q28",47,93,25.64471,26.69662,1,0,22.5484313964844,"No","bb1"
"451","q28",47,94,14.59361,10.10606,1,0,14.0971832275391,"No","bb1"
"452","q28",48,65,63.1952,54.41211,7,0,0.395195007324219,"No","bb1"
"453","q28",48,66,171.97576,163.21432,7,0,1.55477249622345,"No","bb1"
"454","q28",48,67,187.788458,70.89796,6,0,0.0828781127929688,"No","bb1"
"455","q28",48,68,34.627844,46.46595,6,0,20.3891296386719,"No","bb1"
"456","q28",48,69,262.46118,352.2025,6,0,21.8996105194092,"No","bb1"
"457","q28",48,74,158.34031,79.31113,6,0,-0.0189432967454195,"No","bb1"
"458","q28",48,76,196.051324,404.9261,5,0,-0.126327514648438,"No","bb1"
"459","q28",48,77,28.114144,26.65344,5,0,21.1848678588867,"No","bb1"
"460","q28",48,79,27.757855,20.08237,5,0,40.9396820068359,"No","bb1"
"461","q28",48,80,52.348507,58.54912,5,0,4.63552474975586,"No","bb1"
"462","q28",48,81,81.757612,87.75845,5,0,3.20135855674744,"No","bb1"
"463","q28",48,84,41.79054,9.494308,3,1,0.120880126953125,"No","bb1"
"464","q28",48,86,12.863681,18.83045,3,0,12.3094711303711,"No","bb1"
"465","q28",48,89,10.05635,31.50871,3,0,21.7814865112305,"No","bb1"
"466","q28",48,93,46.485689,25.64471,2,0,25.6447143554688,"No","bb1"
"467","q28",48,94,10.86627,14.59361,2,0,13.8247756958008,"No","bb1"
"468","q28",49,65,77.04206,63.1952,8,0,0.187004089355469,"No","bb1"
"469","q28",49,66,397.93779,171.97576,8,0,0.790553689002991,"No","bb1"
"470","q28",49,67,282.241605,187.788458,7,0,-0.374832153320312,"No","bb1"
"471","q28",49,68,73.98036,34.627844,7,0,20.3439025878906,"No","bb1"
"472","q28",49,69,368.63804,262.46118,7,0,13.2777843475342,"No","bb1"
"473","q28",49,74,58.392473,158.34031,7,0,0.0363907627761364,"No","bb1"
"474","q28",49,76,139.02458,196.051324,6,0,0.590469360351562,"No","bb1"
"475","q28",49,77,34.76937,28.114144,6,0,26.2383499145508,"No","bb1"
"476","q28",49,79,12.60245,27.757855,6,0,36.145824432373,"No","bb1"
"477","q28",49,80,57.41792,52.348507,6,0,0.699249148368835,"No","bb1"
"478","q28",49,81,48.283433,81.757612,6,0,-0.10491331666708,"No","bb1"
"479","q28",49,86,13.08334,12.863681,4,0,10.5194854736328,"No","bb1"
"480","q28",49,93,48.990841,46.485689,3,0,18.8605651855469,"No","bb1"
"481","q28",49,94,20.86975,10.86627,3,0,19.0301361083984,"No","bb1"
"482","q28",49,97,23.03678,13.09238,1,0,19.5944900512695,"No","bb1"
"483","q28",49,99,32.896678,5.674013,1,0,43.231632232666,"No","bb1"
"484","q28",50,65,17.97319,77.04206,9,0,12.8108444213867,"No","bb1"
"485","q28",50,66,264.616532,397.93779,9,0,-0.928001403808594,"No","bb1"
"486","q28",50,67,263.953341,282.241605,8,0,-0.121406555175781,"No","bb1"
"487","q28",50,68,30.79452,73.98036,8,0,24.4221343994141,"No","bb1"
"488","q28",50,69,357.356853,368.63804,8,0,12.9546146392822,"No","bb1"
"489","q28",50,74,45.417287,58.392473,8,0,-0.0381532683968544,"No","bb1"
"490","q28",50,76,393.996037,139.02458,7,0,4.68434143066406,"No","bb1"
"491","q28",50,77,110.353123,34.76937,7,0,22.1477203369141,"No","bb1"
"492","q28",50,79,27.22043,12.60245,7,0,36.4310340881348,"No","bb1"
"493","q28",50,80,54.285412,57.41792,7,0,1.67342674732208,"No","bb1"
"494","q28",50,81,77.710278,48.283433,7,0,5.97342348098755,"No","bb1"
"495","q28",50,93,34.283504,48.990841,4,0,13.0191421508789,"No","bb1"
"496","q28",50,94,18.997436,20.86975,4,0,15.2507095336914,"No","bb1"
"497","q28",50,99,39.48376,32.896678,2,0,36.8329925537109,"No","bb1"
"498","q28",51,102,9.610461,24.06057,1,1,-0.737022399902344,"No","bb1"
"499","q28",51,103,80.37037,44.35676,1,0,-0.943163990974426,"No","bb1"
"500","q28",51,104,23.83935,2.425185,1,1,-0.866600036621094,"No","bb1"
"501","q28",51,66,468.27712,264.616532,10,0,1.79236948490143,"No","bb1"
"502","q28",51,67,319.953383,263.953341,9,0,-0.255867004394531,"No","bb1"
"503","q28",51,68,5.077491,30.79452,9,0,22.9449310302734,"No","bb1"
"504","q28",51,69,461.274929,357.356853,9,0,7.7092752456665,"No","bb1"
"505","q28",51,74,127.74186,45.417287,9,0,-0.149927228689194,"No","bb1"
"506","q28",51,76,370.32912,393.996037,8,0,4.42671203613281,"No","bb1"
"507","q28",51,77,113.095027,110.353123,8,0,23.0362548828125,"No","bb1"
"508","q28",51,79,39.36228,27.22043,8,0,31.3598556518555,"No","bb1"
"509","q28",51,80,187.32326,54.285412,8,0,7.86144399642944,"No","bb1"
"510","q28",51,81,92.23189,77.710278,8,0,0.0971614420413971,"No","bb1"
"511","q28",51,93,22.67337,34.283504,5,0,21.3397216796875,"No","bb1"
"512","q28",51,94,36.2917,18.997436,5,0,14.36962890625,"No","bb1"
"513","q28",51,99,49.94232,39.48376,3,0,31.4520492553711,"No","bb1"
"514","q28",52,102,23.53592,9.610461,2,0,2.22720336914062,"No","bb1"
"515","q28",52,103,66.69328,80.37037,2,0,0.0739256739616394,"No","bb1"
"516","q28",52,104,10.23498,23.83935,2,0,2.03470373153687,"No","bb1"
"517","q28",52,66,615.12226,468.27712,11,0,0.00058136967709288,"No","bb1"
"518","q28",52,67,493.77051,319.953383,10,0,-0.018951416015625,"No","bb1"
"519","q28",52,69,485.31696,461.274929,10,0,1.58641338348389,"No","bb1"
"520","q28",52,74,69.25728,127.74186,10,0,-0.00909852050244808,"No","bb1"
"521","q28",52,76,439.021031,370.32912,9,0,1.82367706298828,"No","bb1"
"522","q28",52,77,178.187623,113.095027,9,0,27.1541748046875,"No","bb1"
"523","q28",52,79,26.883971,39.36228,9,0,26.4257965087891,"No","bb1"
"524","q28",52,80,86.276,187.32326,9,0,1.13490426540375,"No","bb1"
"525","q28",52,81,218.27492,92.23189,9,0,0.831889748573303,"No","bb1"
"526","q28",52,94,83.383729,36.2917,6,0,16.3750152587891,"No","bb1"
"527","q28",52,99,11.49846,49.94232,4,0,29.4167575836182,"No","bb1"
"528","q28",53,103,95.65797,66.69328,3,0,0.0287539418786764,"No","bb1"
"529","q28",53,66,578.463616,615.12226,12,0,0.530675411224365,"No","bb1"
"530","q28",53,67,321.247038,493.77051,11,0,-0.0138778686523438,"No","bb1"
"531","q28",53,69,561.03569,485.31696,11,0,11.0831899642944,"No","bb1"
"532","q28",53,76,196.526888,439.021031,10,0,-0.691856384277344,"No","bb1"
"533","q28",53,77,202.546669,178.187623,10,0,24.5425796508789,"No","bb1"
"534","q28",53,79,8.222175,26.883971,10,0,27.6325225830078,"No","bb1"
"535","q28",53,80,128.63406,86.276,10,0,0.00974818505346775,"No","bb1"
"536","q28",53,81,518.51267,218.27492,10,0,-0.175823301076889,"No","bb1"
"537","q28",54,103,280.1451,95.65797,4,0,-0.0921963900327682,"No","bb1"
"538","q28",54,66,714.577916,578.463616,13,0,-0.0687789916992188,"No","bb1"
"539","q28",54,67,347.963371,321.247038,12,0,-0.0028228759765625,"No","bb1"
"540","q28",54,69,765.248323,561.03569,12,0,6.86994028091431,"No","bb1"
"541","q28",54,76,268.209812,196.526888,11,0,0.090972900390625,"No","bb1"
"542","q28",54,77,434.59485,202.546669,11,0,19.1234817504883,"No","bb1"
"543","q28",54,79,19.54485,8.222175,11,0,25.8669204711914,"No","bb1"
"544","q28",54,80,164.31692,128.63406,11,0,0.00361843965947628,"No","bb1"
"545","q28",54,81,471.356232,518.51267,11,0,0.015111924149096,"No","bb1"
"546","q28",55,103,152.44219,280.1451,5,0,-0.56440144777298,"No","bb1"
"547","q28",55,66,463.871374,714.577916,14,0,-0.469100952148438,"No","bb1"
"548","q28",55,67,414.93629,347.963371,13,0,-0.163406372070312,"No","bb1"
"549","q28",55,69,880.56835,765.248323,13,0,7.80219411849976,"No","bb1"
"550","q28",55,76,102.712663,268.209812,12,0,-0.331298828125,"No","bb1"
"551","q28",55,77,247.90334,434.59485,12,0,20.4929046630859,"No","bb1"
"552","q28",55,80,69.42309,164.31692,12,0,0.123198293149471,"No","bb1"
"553","q28",55,81,115.2654,471.356232,12,0,-0.129871502518654,"No","bb1"
"554","q28",56,103,142.354091,152.44219,6,0,1.67936825752258,"No","bb1"
"555","q28",56,66,497.24149,463.871374,15,0,-0.182965382933617,"No","bb1"
"556","q28",56,67,323.93934,414.93629,14,0,-0.23065185546875,"No","bb1"
"557","q28",56,69,1292.385731,880.56835,14,0,10.250018119812,"No","bb1"
"558","q28",56,76,380.60401,102.712663,13,0,6.20256805419922,"No","bb1"
"559","q28",56,77,549.008,247.90334,13,0,22.4025802612305,"No","bb1"
"560","q28",56,80,64.01605,69.42309,13,0,4.17878007888794,"No","bb1"
"561","q28",56,81,284.004,115.2654,13,0,7.26303863525391,"No","bb1"
"562","q28",57,103,108.99536,142.354091,7,0,2.04624104499817,"No","bb1"
"563","q28",57,66,738.86004,497.24149,16,0,1.74333190917969,"No","bb1"
"564","q28",57,67,152.56464,323.93934,15,0,2.66461181640625,"No","bb1"
"565","q28",57,69,1261.420922,1292.385731,15,0,-0.0828386545181274,"No","bb1"
"566","q28",57,76,355.83126,380.60401,14,0,-0.226982116699219,"No","bb1"
"567","q28",57,77,479.79203,549.008,14,0,17.2985763549805,"No","bb1"
"568","q28",57,81,310.23679,284.004,14,0,1.13087463378906,"No","bb1"
"569","q28",58,103,187.8536014,108.99536,8,0,0.871229767799377,"No","bb1"
"570","q28",58,66,840.40169,738.86004,17,0,-0.0520401000976562,"No","bb1"
"571","q28",58,67,445.8217661,152.56464,16,0,3.39170837402344,"No","bb1"
"572","q28",58,69,1131.4694152,1261.420922,16,0,-0.0199211910367012,"No","bb1"
"573","q28",58,76,705.2084843,355.83126,15,0,-0.00128936767578125,"No","bb1"
"574","q28",58,77,825.406501,479.79203,15,0,14.43994140625,"No","bb1"
"575","q28",58,81,296.8159994,310.23679,15,0,0.234886169433594,"No","bb1"
"576","q28",59,103,49.92628,187.8536014,9,0,-0.951371848583221,"No","bb1"
"577","q28",59,66,461.26832,840.40169,18,0,-0.201903775334358,"No","bb1"
"578","q28",59,67,389.18639,445.8217661,17,0,-0.312263488769531,"No","bb1"
"579","q28",59,69,877.95778,1131.4694152,17,0,-0.609295248985291,"No","bb1"
"580","q28",59,76,250.30847,705.2084843,16,0,-0.370750427246094,"No","bb1"
"581","q28",59,77,455.69646,825.406501,16,0,2.529052734375,"No","bb1"
"582","q28",59,81,149.42021,296.8159994,16,0,-0.980712890625,"No","bb1"
"583","q28",60,103,769.0455,49.92628,10,0,0.0396378971636295,"No","bb1"
"584","q28",60,66,290.583437,461.26832,19,0,-0.0475821383297443,"No","bb1"
"585","q28",60,67,942.49061,389.18639,18,0,0.00257110595703125,"No","bb1"
"586","q28",60,69,1018.71821,877.95778,18,0,0.0255472753196955,"No","bb1"
"587","q28",60,76,487.55627,250.30847,17,0,-0.642662048339844,"No","bb1"
"588","q28",60,77,890.76245,455.69646,17,0,0.394790649414062,"No","bb1"
"589","q28",60,81,149.54277,149.42021,17,0,-0.586608529090881,"No","bb1"
"590","q28",61,103,107.535732,769.0455,11,0,0.0249486453831196,"No","bb1"
"591","q28",61,66,156.608675,290.583437,20,0,-0.612419962882996,"No","bb1"
"592","q28",61,67,326.474361,942.49061,19,0,-0.199203491210938,"No","bb1"
"593","q28",61,69,249.598301,1018.71821,19,0,-0.0305305048823357,"No","bb1"
"594","q28",61,76,242.567696,487.55627,18,0,-0.659446716308594,"No","bb1"
"595","q28",61,77,313.381966,890.76245,18,0,1.09165954589844,"No","bb1"
"596","q28",61,81,41.872716,149.54277,18,0,-0.0746956318616867,"No","bb1"
"597","q28",62,103,76.7237379,107.535732,12,0,-0.770737051963806,"No","bb1"
"598","q28",62,108,4.65967,1.869392,1,1,0.787661492824554,"No","bb1"
"599","q28",62,66,96.305182,156.608675,21,0,-0.180666744709015,"No","bb1"
"600","q28",62,67,116.924389,326.474361,20,0,-0.0402908325195312,"No","bb1"
"601","q28",62,69,213.1048972,249.598301,20,0,0.456654250621796,"No","bb1"
"602","q28",62,76,100.915352,242.567696,19,0,-0.446418762207031,"No","bb1"
"603","q28",62,77,122.8742529,313.381966,19,0,-0.263450622558594,"No","bb1"
"604","q28",62,81,24.832862,41.872716,19,0,0.471730321645737,"No","bb1"
"605","q28",63,103,256.08612,76.7237379,13,0,-0.157808229327202,"No","bb1"
"606","q28",63,66,289.21464,96.305182,22,0,1.58547973632812,"No","bb1"
"607","q28",63,67,339.27418,116.924389,21,0,2.42502593994141,"No","bb1"
"608","q28",63,69,619.86262,213.1048972,21,0,2.01005554199219,"No","bb1"
"609","q28",63,76,280.42378,100.915352,20,0,0.639991760253906,"No","bb1"
"610","q28",63,77,352.506746,122.8742529,20,0,2.80657196044922,"No","bb1"
"611","q28",64,103,687.5834,256.08612,14,0,-1.37354421615601,"No","bb1"
"612","q28",64,66,425.90367,289.21464,23,0,0.028255570679903,"No","bb1"
"613","q28",64,67,665.3523,339.27418,22,0,3.64438629150391,"No","bb1"
"614","q28",64,69,1028.68353,619.86262,22,0,1.88635158538818,"No","bb1"
"615","q28",64,76,111.18323,280.42378,21,0,-0.425941467285156,"No","bb1"
"616","q28",64,77,1523.70545,352.506746,21,0,0.157073974609375,"No","bb1"
"617","q28",65,103,463.3655359,687.5834,15,0,-1.14126789569855,"No","bb1"
"618","q28",65,66,532.552056,425.90367,24,0,0.665316879749298,"No","bb1"
"619","q28",65,67,456.50322,665.3523,23,0,-0.50726318359375,"No","bb1"
"620","q28",65,69,810.3017102,1028.68353,23,0,0.589150190353394,"No","bb1"
"621","q28",65,76,116.6219,111.18323,22,0,0.132049560546875,"No","bb1"
"622","q28",65,77,1105.711672,1523.70545,22,0,-0.139350891113281,"No","bb1"
"623","q28",65,81,182.54385,13.85931,22,0,1.77778565883636,"No","bb1"
"624","q28",66,103,328.020356,463.3655359,16,0,-0.248754739761353,"No","bb1"
"625","q28",66,66,202.78634,532.552056,25,0,-0.00134269963018596,"No","bb1"
"626","q28",66,67,181.67081,456.50322,24,0,-0.123527526855469,"No","bb1"
"627","q28",66,69,383.7647,810.3017102,24,0,0.00503461482003331,"No","bb1"
"628","q28",66,76,93.00045,116.6219,23,0,9.05032348632812,"No","bb1"
"629","q28",66,77,423.42913,1105.711672,23,0,-0.168159484863281,"No","bb1"
"630","q28",66,81,11.23345,182.54385,23,0,-0.16510009765625,"No","bb1"
"631","q28",67,103,1172.512,328.020356,17,0,-0.901280283927917,"No","bb1"
"632","q28",67,66,1436.607,202.78634,26,0,2.11117649078369,"No","bb1"
"633","q28",67,67,221.6802,181.67081,25,0,0.043487548828125,"No","bb1"
"634","q28",67,69,836.8374,383.7647,25,0,-0.0722863599658012,"No","bb1"
"635","q28",67,77,3188.084,423.42913,24,0,0.601921081542969,"No","bb1"
"636","q28",70,66,633.5015,337.31532,29,0,9.10421731532551e-05,"No","bb1"
"637","q28",70,69,206.8339,552.74495,28,0,-0.00018310546875,"No","bb1"
"638","q28",70,77,4503.7375,2515.07366,27,0,-0.113502502441406,"No","bb1"
"639","q28",71,66,1225.083,633.5015,30,0,-0.0251915771514177,"No","bb1"
"640","q28",71,69,141.5803,206.8339,29,0,18.9556674957275,"No","bb1"
"641","q28",71,77,2759.0826359,4503.7375,28,0,-0.458934217691422,"No","bb1"
"642","q30",35,70,19.580413,24.85304,1,1,-0.0015411376953125,"No","lb2"
"643","q30",35,71,10.36516,9.968578,1,0,0.678764343261719,"No","lb2"
"644","q30",35,72,13.470765,10.86684,1,0,8.94847106933594,"No","lb2"
"645","q30",35,74,21.436747,47.25946,1,0,14.1275224685669,"No","lb2"
"646","q30",35,76,16.289864,18.39028,1,0,1.0572601556778,"No","lb2"
"647","q30",35,78,31.709289,29.12034,1,0,3.19855690002441,"No","lb2"
"648","q30",35,82,8.052483,21.86858,1,0,22.3205947875977,"No","lb2"
"649","q30",35,83,11.66843,13.37386,1,0,33.9494476318359,"No","lb2"
"650","q30",35,84,29.821883,14.15662,1,1,0.177505493164062,"No","lb2"
"651","q30",35,85,16.939452,71.55223,1,0,22.2303600311279,"No","lb2"
"652","q30",35,90,13.554907,25.93219,1,0,1.75373911857605,"No","lb2"
"653","q30",36,70,28.14286,19.580413,2,1,0.00222015380859375,"No","lb2"
"654","q30",36,72,19.188917,13.470765,2,0,7.86289978027344,"No","lb2"
"655","q30",36,74,29.174701,21.436747,2,0,10.5003356933594,"No","lb2"
"656","q30",36,82,6.803882,8.052483,2,0,25.2458190917969,"No","lb2"
"657","q30",36,85,30.815775,16.939452,2,0,21.9409999847412,"No","lb2"
"658","q30",36,90,9.664052,13.554907,2,0,4.84781074523926,"No","lb2"
"659","q30",36,91,8.977584,10.46762,1,0,1.12610626220703,"No","lb2"
"660","q30",36,95,10.043929,9.373265,1,0,16.2395782470703,"No","lb2"
"661","q30",36,97,29.812011,11.60947,1,0,24.7000732421875,"No","lb2"
"662","q30",37,113,26.059007,12.31131,1,0,23.6889038085938,"No","lb2"
"663","q30",37,70,4.739484,28.14286,3,0,0.469398498535156,"No","lb2"
"664","q30",37,72,14.987804,19.188917,3,0,8.27217102050781,"No","lb2"
"665","q30",37,74,20.836078,29.174701,3,0,12.0353965759277,"No","lb2"
"666","q30",37,90,9.834987,9.664052,3,0,2.60119962692261,"No","lb2"
"667","q30",37,95,6.568079,10.043929,2,0,18.2186813354492,"No","lb2"
"668","q30",37,97,19.765144,29.812011,2,0,21.343147277832,"No","lb2"
"669","q30",38,105,1.362241,11.301217,3,0,12.4220542907715,"No","lb2"
"670","q30",38,113,5.82598,26.059007,2,0,21.7781295776367,"No","lb2"
"671","q30",38,74,6.834335,20.836078,4,0,9.42706108093262,"No","lb2"
"672","q30",38,78,4.3793419,9.840628,4,0,3.06775760650635,"No","lb2"
"673","q30",38,95,3.922129,6.568079,3,0,11.4277038574219,"No","lb2"
"674","q30",38,97,2.450537,19.765144,3,0,22.8191833496094,"No","lb2"
"675","q30",39,74,11.11341,6.834335,5,0,4.73516130447388,"No","lb2"
"676","q30",39,78,4.110013,4.3793419,5,0,3.95524787902832,"No","lb2"
"677","q30",39,95,2.256485,3.922129,4,0,16.1016235351562,"No","lb2"
"678","q30",40,117,37.6376,0.9205523,1,1,1.41796875,"No","lb2"
"679","q30",40,118,10.69498,0.7442108,1,0,10.1056518554688,"No","lb2"
"680","q30",40,119,34.93008,6.317488,1,0,25.2618923187256,"No","lb2"
"681","q30",40,72,31.57458,10.484082,6,0,2.72542572021484,"No","lb2"
"682","q30",40,95,35.71567,2.256485,5,0,10.792121887207,"No","lb2"
"683","q30",40,97,43.26681,2.312689,5,0,16.6250457763672,"No","lb2"
"684","q30",41,119,329.2428,34.93008,2,0,24.507438659668,"No","lb2"
"685","q30",41,97,41.39091,43.26681,6,0,16.7222213745117,"No","lb2"
"686","q30",42,119,81.18715,329.2428,3,0,18.2748336791992,"No","lb2"
"687","q30",42,97,34.32499,41.39091,7,0,10.0730819702148,"No","lb2"
"688","q30",43,113,111.88031,55.93167,7,0,20.1804733276367,"No","lb2"
"689","q30",43,119,84.7736,81.18715,4,0,14.3160018920898,"No","lb2"
"690","q30",43,127,83.26291,25.88166,3,0,10.5585708618164,"No","lb2"
"691","q30",43,129,8.439781,10.96271,1,0,1.60021209716797,"No","lb2"
"692","q30",43,130,9.740365,53.23569,1,0,10.4478816986084,"No","lb2"
"693","q30",43,131,15.47089,32.8759,1,0,29.9793472290039,"No","lb2"
"694","q30",43,132,36.7273,18.55483,1,0,40.0376663208008,"No","lb2"
"695","q30",43,133,47.99076,65.83865,1,0,13.3190860748291,"No","lb2"
"696","q30",43,135,4.732015,11.45025,1,0,4.49354028701782,"No","lb2"
"697","q30",43,72,36.02517,28.4553,9,0,18.1231079101562,"No","lb2"
"698","q30",43,95,30.05306,25.3305,8,0,15.5523223876953,"No","lb2"
"699","q30",43,97,8.711511,34.32499,8,0,7.21625518798828,"No","lb2"
"700","q30",44,113,213.86261,111.88031,8,0,14.1068878173828,"No","lb2"
"701","q30",44,119,533.66303,84.7736,5,0,10.3733596801758,"No","lb2"
"702","q30",44,127,108.32772,83.26291,4,0,3.02876281738281,"No","lb2"
"703","q30",44,129,51.59322,8.439781,2,0,5.38014984130859,"No","lb2"
"704","q30",44,130,75.66602,9.740365,2,0,5.4551944732666,"No","lb2"
"705","q30",44,133,220.94758,47.99076,2,0,10.6062364578247,"No","lb2"
"706","q30",44,135,103.68321,4.732015,2,0,8.7358226776123,"No","lb2"
"707","q30",44,136,107.3835,25.67262,1,0,0.555366516113281,"No","lb2"
"708","q30",44,138,46.1708,12.14964,1,0,4.67411041259766,"No","lb2"
"709","q30",44,139,34.99892,10.35515,1,0,9.11578369140625,"No","lb2"
"710","q30",44,140,101.96019,30.90197,1,0,0.114729031920433,"No","lb2"
"711","q30",44,141,129.46625,11.32891,1,0,5.96413326263428,"No","lb2"
"712","q30",44,143,92.90567,14.53806,1,1,-0.177376821637154,"No","lb2"
"713","q30",44,95,114.4024,30.05306,9,0,8.60393524169922,"No","lb2"
"714","q30",44,97,26.98231,8.711511,9,0,12.8193893432617,"No","lb2"
"715","q30",45,113,301.790557,213.86261,9,0,12.9921951293945,"No","lb2"
"716","q30",45,119,369.283054,533.66303,6,0,3.71817016601562,"No","lb2"
"717","q30",45,127,21.807232,108.32772,5,0,5.98702192306519,"No","lb2"
"718","q30",45,129,13.31155,51.59322,3,0,1.84629058837891,"No","lb2"
"719","q30",45,130,21.161442,75.66602,3,0,3.40030217170715,"No","lb2"
"720","q30",45,133,72.440239,220.94758,3,0,1.33956944942474,"No","lb2"
"721","q30",45,135,47.23056,103.68321,3,0,1.43167972564697,"No","lb2"
"722","q30",45,136,159.34902,107.3835,2,0,-0.192481994628906,"No","lb2"
"723","q30",45,138,11.97865,46.1708,2,0,1.08896636962891,"No","lb2"
"724","q30",45,139,86.27363,34.99892,2,0,1.53488922119141,"No","lb2"
"725","q30",45,140,40.633283,101.96019,2,0,1.99845576286316,"No","lb2"
"726","q30",45,141,5.940292,129.46625,2,0,10.7967185974121,"No","lb2"
"727","q30",45,143,45.61845,92.90567,2,0,-0.060390267521143,"No","lb2"
"728","q30",45,144,23.267349,16.14044,1,0,1.78518462181091,"No","lb2"
"729","q30",45,145,28.79258,41.38856,1,0,31.8976268768311,"No","lb2"
"730","q30",45,147,84.03769,88.9286,1,0,-0.0294754505157471,"No","lb2"
"731","q30",45,95,38.42623,114.4024,10,0,2.41104888916016,"No","lb2"
"732","q30",46,113,184.16458,301.790557,10,0,13.8706436157227,"No","lb2"
"733","q30",46,119,219.42677,369.283054,7,0,0.716392517089844,"No","lb2"
"734","q30",46,127,65.499564,21.807232,6,0,-0.521928787231445,"No","lb2"
"735","q30",46,130,21.76109,21.161442,4,0,1.97189950942993,"No","lb2"
"736","q30",46,131,66.91299,27.58456,4,0,24.8953018188477,"No","lb2"
"737","q30",46,133,108.63022,72.440239,4,0,-0.490928262472153,"No","lb2"
"738","q30",46,135,27.34178,47.23056,4,0,-0.207630932331085,"No","lb2"
"739","q30",46,136,666.2994,159.34902,3,0,0.569808959960938,"No","lb2"
"740","q30",46,139,69.72894,86.27363,3,0,-0.238456726074219,"No","lb2"
"741","q30",46,140,107.0213,40.633283,3,0,1.05626320838928,"No","lb2"
"742","q30",46,143,78.18725,45.61845,3,0,7.90434074401855,"No","lb2"
"743","q30",46,144,94.38374,23.267349,2,1,-0.859893798828125,"No","lb2"
"744","q30",46,145,113.4387,28.79258,2,0,32.3987426757812,"No","lb2"
"745","q30",47,113,295.8366,184.16458,11,0,13.4485473632812,"No","lb2"
"746","q30",47,119,31.746552,219.42677,8,0,1.29610598087311,"No","lb2"
"747","q30",47,127,64.390335,65.499564,7,0,-1.2666232585907,"No","lb2"
"748","q30",47,133,115.7421,108.63022,5,0,-0.65291827917099,"No","lb2"
"749","q30",47,135,11.30172,27.34178,5,0,12.1915445327759,"No","lb2"
"750","q30",47,136,310.39827,666.2994,4,0,0.137672424316406,"No","lb2"
"751","q30",47,143,78.88004,78.18725,4,0,3.5921459197998,"No","lb2"
"752","q30",47,144,85.52931,94.38374,3,0,-0.32073974609375,"No","lb2"
"753","q30",47,145,555.2376,113.4387,3,0,20.3528900146484,"No","lb2"
"754","q30",48,113,136.821407,295.8366,12,0,18.6335754394531,"No","lb2"
"755","q30",48,119,74.151644,31.746552,9,0,6.87863922119141,"No","lb2"
"756","q30",48,127,20.9338,64.390335,8,1,-0.163059890270233,"No","lb2"
"757","q30",48,133,77.000584,115.7421,6,0,13.3249092102051,"No","lb2"
"758","q30",48,135,25.497655,11.30172,6,0,6.07195568084717,"No","lb2"
"759","q30",48,136,127.151222,310.39827,5,0,-0.453201293945312,"No","lb2"
"760","q30",48,143,14.844869,78.88004,5,0,3.20659351348877,"No","lb2"
"761","q30",48,144,37.816969,85.52931,4,0,-0.449408799409866,"No","lb2"
"762","q30",48,145,78.982149,555.2376,4,0,9.89524459838867,"No","lb2"
"763","q30",48,147,3.389559,36.80226,4,0,-0.00681521510705352,"No","lb2"
"764","q30",49,113,151.977463,136.821407,13,0,8.06926727294922,"No","lb2"
"765","q30",49,119,70.704346,74.151644,10,0,-0.196907043457031,"No","lb2"
"766","q30",49,127,34.235663,20.9338,9,0,0.574336051940918,"No","lb2"
"767","q30",49,133,129.143307,77.000584,7,0,5.1913275718689,"No","lb2"
"768","q30",49,135,27.925605,25.497655,7,0,4.65615510940552,"No","lb2"
"769","q30",49,136,106.713879,127.151222,6,0,0.0475234985351562,"No","lb2"
"770","q30",49,140,90.72115,13.11922,6,1,0.994398593902588,"No","lb2"
"771","q30",49,143,34.734347,14.844869,6,0,0.358701884746552,"No","lb2"
"772","q30",49,144,24.152913,37.816969,5,0,-0.188026428222656,"No","lb2"
"773","q30",49,145,83.991303,78.982149,5,0,12.6982069015503,"No","lb2"
"774","q30",49,151,6.492685,5.110634,1,0,11.3858184814453,"No","lb2"
"775","q30",49,152,14.928367,7.53825,1,0,13.9660110473633,"No","lb2"
"776","q30",49,153,29.792597,7.326043,1,0,15.0069046020508,"No","lb2"
"777","q30",49,156,61.67825,7.407879,1,0,8.74643707275391,"No","lb2"
"778","q30",49,157,6.564538,9.281561,1,0,32.7566146850586,"No","lb2"
"779","q30",49,158,14.01581,10.54013,1,0,4.36184692382812,"No","lb2"
"780","q30",49,159,16.845023,12.74837,1,0,24.7718601226807,"No","lb2"
"781","q30",50,113,112.277117,151.977463,14,0,8.22859954833984,"No","lb2"
"782","q30",50,119,66.02332,70.704346,11,0,4.31011199951172,"No","lb2"
"783","q30",50,127,18.123335,34.235663,10,0,-1.03066277503967,"No","lb2"
"784","q30",50,133,63.794112,129.143307,8,0,6.3946533203125,"No","lb2"
"785","q30",50,136,106.391824,106.713879,7,0,0.169120788574219,"No","lb2"
"786","q30",50,140,33.3996,90.72115,7,0,0.00433754362165928,"No","lb2"
"787","q30",50,143,16.904086,34.734347,7,0,1.92776381969452,"No","lb2"
"788","q30",50,144,15.557639,24.152913,6,0,0.877487182617188,"No","lb2"
"789","q30",50,145,80.401986,83.991303,6,0,9.32812404632568,"No","lb2"
"790","q30",50,151,3.740159,6.492685,2,0,5.74660491943359,"No","lb2"
"791","q30",50,152,10.491385,14.928367,2,0,9.48938751220703,"No","lb2"
"792","q30",50,153,28.351192,29.792597,2,0,8.98224639892578,"No","lb2"
"793","q30",50,158,21.64904,14.01581,2,0,4.55671691894531,"No","lb2"
"794","q30",50,159,13.110737,16.845023,2,0,23.1146907806396,"No","lb2"
"795","q30",50,160,2.824992,5.462117,1,1,0.0232772827148438,"No","lb2"
"796","q30",50,165,10.512921,6.628233,1,0,25.1252040863037,"No","lb2"
"797","q30",50,168,6.316835,3.541828,1,0,16.1890430450439,"No","lb2"
"798","q30",50,169,5.249829,9.092039,1,1,0.650329172611237,"No","lb2"
"799","q30",50,171,4.215185,0.9122813,1,1,0.439935803413391,"No","lb2"
"800","q30",51,113,162.409908,112.277117,15,0,12.6426315307617,"No","lb2"
"801","q30",51,119,54.235102,66.02332,12,0,0.498893737792969,"No","lb2"
"802","q30",51,133,46.34878,63.794112,9,0,5.12134075164795,"No","lb2"
"803","q30",51,136,144.141507,106.391824,8,0,-0.439682006835938,"No","lb2"
"804","q30",51,140,33.598935,33.3996,8,0,-0.255860358476639,"No","lb2"
"805","q30",51,143,33.3669,16.904086,8,0,3.06719493865967,"No","lb2"
"806","q30",51,144,49.101315,15.557639,7,0,0.770539581775665,"No","lb2"
"807","q30",51,145,143.88963,80.401986,7,0,10.7944173812866,"No","lb2"
"808","q30",51,151,56.88833,3.740159,3,0,6.12545013427734,"No","lb2"
"809","q30",51,152,30.74043,10.491385,3,0,13.5694274902344,"No","lb2"
"810","q30",51,153,88.233384,28.351192,3,0,3.93778991699219,"No","lb2"
"811","q30",51,158,41.935887,21.64904,3,0,2.62912750244141,"No","lb2"
"812","q30",51,159,26.684065,13.110737,3,0,19.2744483947754,"No","lb2"
"813","q30",51,165,48.093908,10.512921,2,0,24.8941116333008,"No","lb2"
"814","q30",51,171,18.165293,4.215185,2,0,2.84813976287842,"No","lb2"
"815","q30",51,172,16.08352,3.541019,1,0,17.0674018859863,"No","lb2"
"816","q30",52,113,42.152917,162.409908,16,0,4.14556884765625,"No","lb2"
"817","q30",52,119,49.870907,54.235102,13,0,4.336181640625,"No","lb2"
"818","q30",52,127,26.7522,29.23196,12,0,1.30822491645813,"No","lb2"
"819","q30",52,133,48.630498,46.34878,10,0,4.47199583053589,"No","lb2"
"820","q30",52,136,86.056245,144.141507,9,0,0.0300750732421875,"No","lb2"
"821","q30",52,140,10.42946,33.598935,9,0,0.00973421521484852,"No","lb2"
"822","q30",52,143,18.321061,33.3669,9,0,1.47318017482758,"No","lb2"
"823","q30",52,144,71.287988,49.101315,8,0,0.0738953351974487,"No","lb2"
"824","q30",52,145,107.97278,143.88963,8,0,27.9622116088867,"No","lb2"
"825","q30",52,151,30.469499,56.88833,4,0,-0.0263137817382812,"No","lb2"
"826","q30",52,152,7.956212,30.74043,4,0,13.3135681152344,"No","lb2"
"827","q30",52,153,31.682919,88.233384,4,0,-0.104286193847656,"No","lb2"
"828","q30",52,158,45.783797,41.935887,4,0,0.76141357421875,"No","lb2"
"829","q30",52,159,37.459,26.684065,4,0,18.6681671142578,"No","lb2"
"830","q30",52,162,7.184947,11.95833,3,0,2.70439910888672,"No","lb2"
"831","q30",52,165,37.75682,48.093908,3,0,31.2431697845459,"No","lb2"
"832","q30",53,113,82.090706,42.152917,17,0,16.8251495361328,"No","lb2"
"833","q30",53,119,93.562419,49.870907,14,0,3.06389617919922,"No","lb2"
"834","q30",53,127,14.52788,26.7522,13,0,-0.245614886283875,"No","lb2"
"835","q30",53,133,76.083371,48.630498,11,0,7.15475845336914,"No","lb2"
"836","q30",53,136,66.107474,86.056245,10,0,2.47408294677734,"No","lb2"
"837","q30",53,144,56.83228,71.287988,9,0,-0.281646728515625,"No","lb2"
"838","q30",53,145,105.547479,107.97278,9,0,26.3386840820312,"No","lb2"
"839","q30",53,151,63.554404,30.469499,5,0,2.13768768310547,"No","lb2"
"840","q30",53,153,79.314009,31.682919,5,0,3.17375183105469,"No","lb2"
"841","q30",53,158,32.83012,45.783797,5,0,5.07281494140625,"No","lb2"
"842","q30",53,159,36.01945,37.459,5,0,15.7329950332642,"No","lb2"
"843","q30",53,162,9.203055,7.184947,4,0,6.17430114746094,"No","lb2"
"844","q30",53,165,30.414962,37.75682,4,0,30.448335647583,"No","lb2"
"845","q30",53,173,36.753392,14.48513,3,0,23.4830703735352,"No","lb2"
"846","q30",54,113,57.244994,82.090706,18,0,16.9228973388672,"No","lb2"
"847","q30",54,119,62.026387,93.562419,15,0,0.103767395019531,"No","lb2"
"848","q30",54,133,34.32462,76.083371,12,0,3.90719127655029,"No","lb2"
"849","q30",54,136,41.591416,66.107474,11,0,2.91876220703125,"No","lb2"
"850","q30",54,144,48.74,56.83228,10,0,1.30912780761719,"No","lb2"
"851","q30",54,145,99.803792,105.547479,10,0,26.1079635620117,"No","lb2"
"852","q30",54,151,46.432824,63.554404,6,0,6.07960510253906,"No","lb2"
"853","q30",54,153,70.85352,79.314009,6,0,10.8873443603516,"No","lb2"
"854","q30",54,159,78.17297,36.01945,6,0,22.7195415496826,"No","lb2"
"855","q30",54,165,5.764512,30.414962,5,0,28.1471996307373,"No","lb2"
"856","q30",54,173,10.783857,36.753392,4,0,13.8456974029541,"No","lb2"
"857","q30",54,177,7.189427,14.41486,1,0,27.0518379211426,"No","lb2"
"858","q30",55,119,39.945633,62.026387,16,0,0.795997619628906,"No","lb2"
"859","q30",55,133,4.201108,34.32462,13,0,2.72952222824097,"No","lb2"
"860","q30",55,136,22.597465,41.591416,12,0,5.44469451904297,"No","lb2"
"861","q30",55,144,26.58238,48.74,11,0,2.0435791015625,"No","lb2"
"862","q30",55,145,64.41376,99.803792,11,0,27.4535980224609,"No","lb2"
"863","q30",55,151,6.318566,46.432824,7,0,-0.0710067749023438,"No","lb2"
"864","q30",55,159,29.182661,78.17297,7,0,14.3588752746582,"No","lb2"
"865","q30",55,165,4.165705,5.764512,6,0,27.0078582763672,"No","lb2"
"866","q30",55,173,71.943287,10.783857,5,0,11.3961820602417,"No","lb2"
"867","q30",56,119,51.77865,39.945633,17,0,3.65798187255859,"No","lb2"
"868","q30",56,133,33.4664,4.201108,14,1,1.05097007751465,"No","lb2"
"869","q30",56,136,175.09394,22.597465,13,0,5.81423950195312,"No","lb2"
"870","q30",56,144,85.20646,26.58238,12,0,5.05762720108032,"No","lb2"
"871","q30",56,145,86.1221,64.41376,12,0,21.8207550048828,"No","lb2"
"872","q30",56,159,106.733016,29.182661,8,0,15.3736143112183,"No","lb2"
"873","q30",56,173,15.08775,71.943287,6,0,13.890435218811,"No","lb2"
"874","q30",57,113,44.21271,40.44147,21,0,3.76898598670959,"No","lb2"
"875","q30",57,136,76.597454,175.09394,14,0,4.63040161132812,"No","lb2"
"876","q30",57,145,176.01889,86.1221,13,0,15.6309661865234,"No","lb2"
"877","q30",57,159,33.97247,106.733016,9,0,9.21616268157959,"No","lb2"
"878","q30",57,173,45.71164,15.08775,7,0,25.7275409698486,"No","lb2"
"879","q30",58,113,2.1651307,44.21271,22,0,0.46809133887291,"No","lb2"
"880","q30",58,145,160.0633828,176.01889,14,0,5.73153686523438,"No","lb2"
"881","q30",58,173,60.6384533,45.71164,8,0,22.1076412200928,"No","lb2"
"882","q30",58,183,27.39158,89.26591,1,0,28.4994869232178,"No","lb2"
"883","q30",59,119,48.14804,101.656335,20,0,-0.469497680664062,"No","lb2"
"884","q30",59,144,33.35447,1.4434179,15,0,3.27898406982422,"No","lb2"
"885","q30",59,145,141.90764,160.0633828,15,0,4.34049987792969,"No","lb2"
"886","q30",59,153,39.52993,61.7061,11,0,12.828010559082,"No","lb2"
"887","q30",59,159,93.38148,84.002936,11,0,11.392144203186,"No","lb2"
"888","q30",59,173,38.74224,60.6384533,9,0,20.98899269104,"No","lb2"
"889","q30",59,189,32.13688,5.537877,1,0,43.4630241394043,"No","lb2"
"890","q30",60,144,143.5459,33.35447,16,0,5.36556196212769,"No","lb2"
"891","q30",60,145,65.02167,141.90764,16,0,13.6893167495728,"No","lb2"
"892","q30",60,153,604.46458,39.52993,12,0,15.0663223266602,"No","lb2"
"893","q30",60,159,92.019203,93.38148,12,0,11.5080480575562,"No","lb2"
"894","q30",61,145,4.164649,65.02167,17,0,10.4188919067383,"No","lb2"
"895","q30",61,153,33.248129,604.46458,13,0,0.513626098632812,"No","lb2"
"896","q30",61,159,3.927355,92.019203,13,0,7.07934188842773,"No","lb2"
"897","q30",61,190,3.719084,8.52011,3,0,3.85839080810547,"No","lb2"
"898","q30",62,136,74.46405,35.86169,19,0,1.70616149902344,"No","lb2"
"899","q30",62,145,148.8809,4.164649,18,0,4.54585218429565,"No","lb2"
"900","q30",62,153,330.513976,33.248129,14,0,-0.374076843261719,"No","lb2"
"901","q30",62,159,57.67237,3.927355,14,0,15.2999410629272,"No","lb2"
"902","q30",62,189,131.7766,3.9017139,4,0,38.1247711181641,"No","lb2"
"903","q30",63,136,10.18067,74.46405,20,0,-0.265869140625,"No","lb2"
"904","q30",63,153,192.96462,330.513976,15,0,-0.241912841796875,"No","lb2"
"905","q30",63,189,30.48674,131.7766,5,0,33.1295547485352,"No","lb2"
"906","q30",64,136,27.89676,10.18067,21,0,7.24857330322266,"No","lb2"
"907","q30",64,153,15.301462,192.96462,16,0,1.1234130859375,"No","lb2"
"908","q30",65,153,36.085979,15.301462,17,0,22.0914287567139,"No","lb2"
"909","q30",65,207,5.960551,11.49901,1,0,44.8193092346191,"No","lb2"
"910","q30",65,211,2.034898,9.367837,1,0,9.0714282989502,"No","lb2"
"911","q30",69,219,317.7347,172.4594,1,0,0.0138626098632812,"No","lb2"
"912","q30",69,220,647.87069,494.8883,1,0,3.11496734619141,"No","lb2"
"913","q30",70,219,38.76072,317.7347,2,0,-0.469515413045883,"No","lb2"
"914","q30",70,220,20.68302,647.87069,2,0,-0.371772766113281,"No","lb2"
"915","q30",71,219,1165.537,38.76072,3,0,7.30655670166016,"No","lb2"
"916","q30",71,224,301.65428,9.645904,1,0,13.9999847412109,"No","lb2"
"917","q31",35,43,16.337406,16.91927,1,0,34.0705871582031,"No","lb2"
"918","q31",36,46,14.14762,19.61076,1,0,3.96936798095703,"No","lb2"
"919","q31",38,47,10.144999,24.71393,1,1,-0.113983154296875,"No","lb2"
"920","q31",50,50,9.739683,2.896838,1,0,9.21487426757812,"No","lb2"
"921","q31",50,51,8.725506,3.620801,1,0,9.05921745300293,"No","lb2"
"922","q31",51,51,30.124105,8.725506,2,0,11.3727560043335,"No","lb2"
"923","q31",51,52,66.20927,3.678556,1,0,5.14492034912109,"No","lb2"
"924","q31",51,53,29.406895,2.041363,1,0,24.7218170166016,"No","lb2"
"925","q31",51,54,27.95161,5.961259,1,0,35.8783264160156,"No","lb2"
"926","q31",51,57,30.072593,3.015761,1,0,16.4967975616455,"No","lb2"
"927","q31",51,59,90.90757,2.049426,1,0,34.9673805236816,"No","lb2"
"928","q31",52,51,18.2144,30.124105,3,0,5.15238237380981,"No","lb2"
"929","q31",52,54,39.74799,27.95161,2,0,31.4089126586914,"No","lb2"
"930","q31",52,57,6.421089,30.072593,2,0,11.1541452407837,"No","lb2"
"931","q31",52,60,45.74834,39.04808,1,1,0.0556420423090458,"No","lb2"
"932","q31",52,80,8.933657,19.45128,1,0,7.09784698486328,"No","lb2"
"933","q31",53,50,51.14853,32.22166,4,0,3.33413696289062,"No","lb2"
"934","q31",53,54,73.01273,39.74799,3,0,30.3293762207031,"No","lb2"
"935","q31",54,50,112.5932,51.14853,5,0,7.24790954589844,"No","lb2"
"936","q31",54,54,68.60475,73.01273,4,0,30.7279891967773,"No","lb2"
"937","q31",54,59,5.8984,17.71042,4,0,33.4252052307129,"No","lb2"
"938","q31",55,50,28.14844,112.5932,6,0,3.98331451416016,"No","lb2"
"939","q31",55,54,39.17743,68.60475,5,0,30.1699523925781,"No","lb2"
"940","q31",55,59,18.80222,5.8984,5,0,33.2849349975586,"No","lb2"
"941","q31",56,50,23.9320263,28.14844,7,0,4.72159576416016,"No","lb2"
"942","q31",56,54,18.54583,39.17743,6,0,30.3350830078125,"No","lb2"
"943","q31",56,59,18.221442,18.80222,6,0,26.8671493530273,"No","lb2"
"944","q31",57,50,42.75213,23.9320263,8,0,5.96051025390625,"No","lb2"
"945","q31",57,54,281.7376,18.54583,7,0,29.0482788085938,"No","lb2"
"946","q31",57,59,166.50624,18.221442,7,0,26.4289722442627,"No","lb2"
"947","q31",57,85,16.20729,5.406345,1,0,45.918155670166,"No","lb2"
"948","q31",58,50,353.02265,42.75213,9,0,2.63920593261719,"No","lb2"
"949","q31",58,54,559.2071893,281.7376,8,0,25.5892486572266,"No","lb2"
"950","q31",58,59,273.51283,166.50624,8,0,19.9776840209961,"No","lb2"
"951","q31",59,54,194.76553,559.2071893,9,0,19.2548904418945,"No","lb2"
"952","q31",59,59,109.04288,273.51283,9,0,16.9255180358887,"No","lb2"
"953","q31",59,87,44.5033,41.16574,1,0,26.3120193481445,"No","lb2"
"954","q31",60,54,575.58337,194.76553,10,0,24.6770362854004,"No","lb2"
"955","q31",60,59,356.73622,109.04288,10,0,16.3598117828369,"No","lb2"
"956","q31",60,87,76.93716,44.5033,2,0,24.4593029022217,"No","lb2"
"957","q31",60,88,21.38938,133.9004,1,0,0.470306396484375,"No","lb2"
"958","q31",61,50,87.32995,16.50398,12,0,2.38109588623047,"No","lb2"
"959","q31",61,54,479.3311,575.58337,11,0,14.0686340332031,"No","lb2"
"960","q31",61,59,276.803941,356.73622,11,0,7.35141611099243,"No","lb2"
"961","q31",61,86,95.3656,147.9189,3,0,2.19018745422363,"No","lb2"
"962","q31",61,87,89.170503,76.93716,3,0,26.4081039428711,"No","lb2"
"963","q31",61,88,63.26332,21.38938,2,1,-0.511146545410156,"No","lb2"
"964","q31",61,89,35.542597,7.74172,1,0,4.21640014648438,"No","lb2"
"965","q31",61,92,32.44111,14.8636,1,0,4.43215179443359,"No","lb2"
"966","q31",62,54,1298.101,479.3311,12,0,12.524658203125,"No","lb2"
"967","q31",62,59,93.7176456,276.803941,12,0,9.91566944122314,"No","lb2"
"968","q31",62,87,200.3262,89.170503,4,0,23.2748107910156,"No","lb2"
"969","q31",62,88,200.7374,63.26332,3,0,-0.324073791503906,"No","lb2"
"970","q31",62,92,4.116183,32.44111,2,0,1.07608032226562,"No","lb2"
"971","q31",62,93,564.1077,149.3256,1,0,-0.288284689188004,"No","lb2"
"972","q31",62,95,99.50603,0.7339657,1,0,13.1043395996094,"No","lb2"
"973","q31",62,96,7.730008,24.72094,1,0,11.0368204116821,"No","lb2"
"974","q31",62,99,24.34559,19.84745,1,0,5.33907032012939,"No","lb2"
"975","q31",63,54,520.654438,1298.101,13,0,7.19965362548828,"No","lb2"
"976","q31",63,59,134.98957,93.7176456,13,0,6.19399690628052,"No","lb2"
"977","q31",63,87,236.49983,200.3262,5,0,16.8722991943359,"No","lb2"
"978","q31",63,88,161.56434,200.7374,4,0,0.46588134765625,"No","lb2"
"979","q31",63,92,35.209094,4.116183,3,0,8.58583831787109,"No","lb2"
"980","q31",63,93,174.818763,564.1077,2,0,-1.08059692382812,"No","lb2"
"981","q31",63,95,19.931239,99.50603,2,0,-0.072906494140625,"No","lb2"
"982","q31",63,99,57.02997,24.34559,2,0,2.09193563461304,"No","lb2"
"983","q31",64,54,859.6874,520.654438,14,0,11.8791961669922,"No","lb2"
"984","q31",64,59,223.0186,134.98957,14,0,0.00339517276734114,"No","lb2"
"985","q31",64,87,369.1542,236.49983,6,0,18.151969909668,"No","lb2"
"986","q31",64,88,192.31518,161.56434,5,0,-0.0628585815429688,"No","lb2"
"987","q31",64,92,105.279652,35.209094,4,0,2.55667114257812,"No","lb2"
"988","q31",64,93,174.41955,174.818763,3,0,-0.00347080361098051,"No","lb2"
"989","q31",64,95,55.806405,19.931239,3,0,5.30997467041016,"No","lb2"
"990","q31",64,99,37.979,57.02997,3,0,3.53781223297119,"No","lb2"
"991","q31",65,101,6.743876,5.095726,1,1,1.63026428222656,"No","lb2"
"992","q31",65,54,405.2697845,859.6874,15,0,3.51262664794922,"No","lb2"
"993","q31",65,59,28.54402,223.0186,15,0,-0.0204052142798901,"No","lb2"
"994","q31",65,87,372.4856108,369.1542,7,0,11.6680526733398,"No","lb2"
"995","q31",65,88,172.532439,192.31518,6,0,-0.359619140625,"No","lb2"
"996","q31",65,92,55.79023,105.279652,5,0,3.57792663574219,"No","lb2"
"997","q31",65,93,108.4813844,174.41955,4,0,0.214637756347656,"No","lb2"
"998","q31",65,95,83.83927,55.806405,4,0,0.0968856811523438,"No","lb2"
"999","q31",65,99,39.9497274,37.979,4,0,5.24053859710693,"No","lb2"
"1000","q31",66,54,972.11059,405.2697845,16,0,3.74444580078125,"No","lb2"
"1001","q31",66,59,127.896,28.54402,16,0,9.53682899475098,"No","lb2"
"1002","q31",66,87,319.11692,372.4856108,8,0,17.2127685546875,"No","lb2"
"1003","q31",66,88,340.6979,172.532439,7,0,0.297325134277344,"No","lb2"
"1004","q31",66,92,265.5882,55.79023,6,0,18.6008605957031,"No","lb2"
"1005","q31",66,93,227.50388,108.4813844,5,0,-0.612327575683594,"No","lb2"
"1006","q31",66,95,154.4751,83.83927,5,0,4.00965118408203,"No","lb2"
"1007","q31",66,99,74.22833,39.9497274,5,0,2.61640691757202,"No","lb2"
"1008","q31",67,54,566.077484,972.11059,17,0,-0.0687332153320312,"No","lb2"
"1009","q31",67,59,97.2725,127.896,17,0,-0.190013960003853,"No","lb2"
"1010","q31",67,87,896.679999,319.11692,9,0,13.8649749755859,"No","lb2"
"1011","q31",67,88,340.527474,340.6979,8,0,0.303993225097656,"No","lb2"
"1012","q31",67,92,188.414995,265.5882,7,0,21.3801345825195,"No","lb2"
"1013","q31",67,93,98.280002,227.50388,6,0,-0.826751708984375,"No","lb2"
"1014","q31",67,99,90.2025,74.22833,6,0,1.72010862827301,"No","lb2"
"1015","q31",68,59,162.4574,97.2725,18,0,0.349999994039536,"No","lb2"
"1016","q31",68,87,7241.547,896.679999,10,0,-0.25,"No","lb2"
"1017","q31",69,87,3689.90851,7241.547,11,0,-1.09154367446899,"No","lb2"
"1018","q31",70,87,545.114772,3689.90851,12,0,-0.429382294416428,"No","lb2"
"1019","q31",71,87,7240.1743162,545.114772,13,0,-0.400558441877365,"No","lb2"
"1020","q32",34,27,10.70261,14.11285,1,0,5.45873260498047,"No","lb2"
"1021","q32",34,28,83.927439,119.6918,1,0,11.9522247314453,"No","lb2"
"1022","q32",34,29,57.47545,18.50957,1,0,2.92642045021057,"No","lb2"
"1023","q32",35,27,7.677466,10.70261,2,0,8.68424987792969,"No","lb2"
"1024","q32",35,28,29.716841,83.927439,2,0,7.38512182235718,"No","lb2"
"1025","q32",35,29,15.492523,57.47545,2,0,-0.655373811721802,"No","lb2"
"1026","q32",35,30,13.36411,19.61184,1,0,1.18855285644531,"No","lb2"
"1027","q32",35,31,7.208126,29.64133,1,0,1.76789855957031,"No","lb2"
"1028","q32",35,33,11.82445,10.19303,1,0,3.395183801651,"No","lb2"
"1029","q32",35,34,9.058596,4.918703,1,0,10.2493286132812,"No","lb2"
"1030","q32",35,36,82.972246,88.38764,1,0,15.5546112060547,"No","lb2"
"1031","q32",35,40,14.696,9.043139,1,0,18.9584369659424,"No","lb2"
"1032","q32",35,43,5.999646,6.508226,1,0,28.796028137207,"No","lb2"
"1033","q32",35,44,4.383953,19.29962,1,0,28.4510307312012,"No","lb2"
"1034","q32",35,45,14.402486,22.75052,1,0,21.874267578125,"No","lb2"
"1035","q32",35,46,15.03481,22.27543,1,0,39.6688613891602,"No","lb2"
"1036","q32",35,47,7.917717,13.99796,1,0,41.0885581970215,"No","lb2"
"1037","q32",35,48,9.461492,10.17635,1,0,21.8483505249023,"No","lb2"
"1038","q32",35,52,9.400392,15.94934,1,0,9.75129413604736,"No","lb2"
"1039","q32",35,55,6.118913,14.64856,1,0,24.9043121337891,"No","lb2"
"1040","q32",35,56,6.150027,12.83159,1,0,21.6906204223633,"No","lb2"
"1041","q32",35,57,16.137697,16.15189,1,0,21.214448928833,"No","lb2"
"1042","q32",35,60,15.709959,37.2663,1,0,2.14323568344116,"No","lb2"
"1043","q32",35,62,12.75102,19.68791,1,0,4.54706478118896,"No","lb2"
"1044","q32",36,28,7.564876,29.716841,3,0,7.48580694198608,"No","lb2"
"1045","q32",36,29,13.408834,15.492523,3,0,0.0156049458310008,"No","lb2"
"1046","q32",36,30,12.53442,13.36411,2,0,1.57369232177734,"No","lb2"
"1047","q32",36,33,23.78265,11.82445,2,0,2.77759099006653,"No","lb2"
"1048","q32",36,36,90.6319,82.972246,2,0,12.0457611083984,"No","lb2"
"1049","q32",36,43,11.71608,5.999646,2,0,29.9061889648438,"No","lb2"
"1050","q32",36,46,9.213715,15.03481,2,0,33.5531997680664,"No","lb2"
"1051","q32",36,48,21.06094,9.461492,2,0,18.4655380249023,"No","lb2"
"1052","q32",36,57,21.908775,16.137697,2,0,16.4911022186279,"No","lb2"
"1053","q32",36,60,17.07979,15.709959,2,0,5.66399669647217,"No","lb2"
"1054","q32",37,29,34.88697,13.408834,4,0,0.0378026105463505,"No","lb2"
"1055","q32",37,36,32.83162,90.6319,3,0,12.5875091552734,"No","lb2"
"1056","q32",37,46,5.379927,9.213715,3,0,30.5000591278076,"No","lb2"
"1057","q32",37,48,21.431224,21.06094,3,0,18.3532485961914,"No","lb2"
"1058","q32",37,57,58.842073,21.908775,3,0,21.6790637969971,"No","lb2"
"1059","q32",38,29,18.834139,34.88697,5,1,0.231279596686363,"No","lb2"
"1060","q32",38,36,5.647261,32.83162,4,0,20.6124954223633,"No","lb2"
"1061","q32",38,48,5.293224,21.431224,4,0,19.2971267700195,"No","lb2"
"1062","q32",38,57,86.39563,58.842073,4,0,20.8026580810547,"No","lb2"
"1063","q32",39,29,10.730982,18.834139,6,0,0.489156126976013,"No","lb2"
"1064","q32",39,48,19.62533,5.293224,5,0,29.985107421875,"No","lb2"
"1065","q32",39,57,7.488675,86.39563,5,0,17.1945343017578,"No","lb2"
"1066","q32",40,29,92.195,10.730982,7,0,-0.226650819182396,"No","lb2"
"1067","q32",40,48,32.96,19.62533,6,0,25.1481704711914,"No","lb2"
"1068","q32",40,57,84.97,7.488675,6,0,12.7654428482056,"No","lb2"
"1069","q32",41,29,122.76067,92.195,8,0,0.150000005960464,"No","lb2"
"1070","q32",41,57,108.0985,84.97,7,0,18.0999984741211,"No","lb2"
"1071","q32",41,68,23.53209,24.5325,3,0,2.20000004768372,"No","lb2"
"1072","q32",41,73,9.698383,9.187501,1,0,16.75,"No","lb2"
"1073","q32",42,29,30.697691,122.76067,9,0,0.266514420509338,"No","lb2"
"1074","q32",42,57,241.91672,108.0985,8,0,17.1807765960693,"No","lb2"
"1075","q32",42,68,169.0505,23.53209,4,0,2.41999363899231,"No","lb2"
"1076","q32",42,73,36.785749,9.698383,2,0,19.0527420043945,"No","lb2"
"1077","q32",43,48,11.08592,24.66342,9,0,30.6716232299805,"No","lb2"
"1078","q32",43,57,490.46343,241.91672,9,0,6.19876146316528,"No","lb2"
"1079","q32",43,68,79.34533,169.0505,5,0,0.878733098506927,"No","lb2"
"1080","q32",43,72,14.705432,37.95178,3,0,16.9953536987305,"No","lb2"
"1081","q32",43,73,28.325021,36.785749,3,0,14.9110336303711,"No","lb2"
"1082","q32",43,80,16.754582,12.931,1,0,24.4125213623047,"No","lb2"
"1083","q32",44,48,51.44886,11.08592,10,0,31.7853469848633,"No","lb2"
"1084","q32",44,57,237.700367,490.46343,10,0,-0.254725784063339,"No","lb2"
"1085","q32",44,68,101.9361,79.34533,6,0,2.03497123718262,"No","lb2"
"1086","q32",44,72,71.07615,14.705432,4,0,14.9567337036133,"No","lb2"
"1087","q32",44,73,50.1992,28.325021,4,0,10.4762725830078,"No","lb2"
"1088","q32",44,80,9.367314,16.754582,2,0,19.497049331665,"No","lb2"
"1089","q32",44,81,44.98271,55.58499,1,0,23.1799468994141,"No","lb2"
"1090","q32",44,83,36.104214,12.74367,1,0,29.3706817626953,"No","lb2"
"1091","q32",45,48,88.31699,51.44886,11,0,31.9036636352539,"No","lb2"
"1092","q32",45,57,84.112285,237.700367,11,0,-0.155109837651253,"No","lb2"
"1093","q32",45,68,1203.068,101.9361,7,0,2.08350658416748,"No","lb2"
"1094","q32",45,72,132.5249,71.07615,5,0,13.1594314575195,"No","lb2"
"1095","q32",45,73,82.62068,50.1992,5,0,10.2505340576172,"No","lb2"
"1096","q32",45,77,21.00838,21.370579,3,0,20.3826236724854,"No","lb2"
"1097","q32",45,78,17.91084,57.35067,3,0,29.557373046875,"No","lb2"
"1098","q32",45,81,51.90322,44.98271,2,0,20.6724090576172,"No","lb2"
"1099","q32",45,83,28.38086,36.104214,2,0,27.0477809906006,"No","lb2"
"1100","q32",46,48,11.98954,88.31699,12,0,21.4234466552734,"No","lb2"
"1101","q32",46,57,53.90838,84.112285,12,0,9.80583953857422,"No","lb2"
"1102","q32",46,68,576.91123,1203.068,8,0,-1.30599212646484,"No","lb2"
"1103","q32",46,72,83.432079,132.5249,6,0,13.2330093383789,"No","lb2"
"1104","q32",46,73,69.50148,82.62068,6,0,10.4761276245117,"No","lb2"
"1105","q32",46,77,36.505,21.00838,4,0,13.6843299865723,"No","lb2"
"1106","q32",46,78,26.8494,17.91084,4,0,36.8189353942871,"No","lb2"
"1107","q32",46,81,174.4812,51.90322,3,0,28.4475555419922,"No","lb2"
"1108","q32",46,82,57.69284,29.99142,3,1,-0.396881103515625,"No","lb2"
"1109","q32",46,83,44.86814,28.38086,3,0,37.7839851379395,"No","lb2"
"1110","q32",47,57,29.96318,53.90838,13,0,22.3369064331055,"No","lb2"
"1111","q32",47,68,359.38295,576.91123,9,0,0.188692092895508,"No","lb2"
"1112","q32",47,72,207.50611,83.432079,7,0,2.81188201904297,"No","lb2"
"1113","q32",47,73,96.52042,69.50148,7,0,17.7062225341797,"No","lb2"
"1114","q32",47,77,80.587993,36.505,5,0,17.6518020629883,"No","lb2"
"1115","q32",47,81,120.37067,174.4812,4,0,23.672004699707,"No","lb2"
"1116","q32",47,82,109.135,57.69284,4,1,-0.404319763183594,"No","lb2"
"1117","q32",47,83,127.9957,44.86814,4,0,36.5088119506836,"No","lb2"
"1118","q32",47,87,60.24688,12.40406,1,1,-1.03741574287415,"No","lb2"
"1119","q32",48,68,186.874225,359.38295,10,0,-0.321853637695312,"No","lb2"
"1120","q32",48,72,59.07422,207.50611,8,0,3.83322906494141,"No","lb2"
"1121","q32",48,73,33.80487,96.52042,8,0,19.0294342041016,"No","lb2"
"1122","q32",48,77,71.361847,80.587993,6,0,9.15183448791504,"No","lb2"
"1123","q32",48,81,47.90514,120.37067,5,0,27.002311706543,"No","lb2"
"1124","q32",48,82,56.971665,109.135,5,0,-0.145606994628906,"No","lb2"
"1125","q32",48,83,74.792319,127.9957,5,0,34.0784530639648,"No","lb2"
"1126","q32",48,87,68.005,60.24688,2,0,-0.399829715490341,"No","lb2"
"1127","q32",48,88,5.560524,9.934603,1,0,14.5540771484375,"No","lb2"
"1128","q32",49,57,2.215748,23.38993,15,0,20.2490081787109,"No","lb2"
"1129","q32",49,68,458.46741,186.874225,11,0,-0.782089233398438,"No","lb2"
"1130","q32",49,72,400.91922,59.07422,9,0,3.32606506347656,"No","lb2"
"1131","q32",49,73,298.45908,33.80487,9,0,22.1505966186523,"No","lb2"
"1132","q32",49,77,95.02549,71.361847,7,0,14.0858392715454,"No","lb2"
"1133","q32",49,81,111.105216,47.90514,6,0,26.1106185913086,"No","lb2"
"1134","q32",49,82,66.86332,56.971665,6,0,3.06363677978516,"No","lb2"
"1135","q32",49,83,135.7343,74.792319,6,0,34.9197845458984,"No","lb2"
"1136","q32",49,87,172.91211,68.005,3,0,-0.109699279069901,"No","lb2"
"1137","q32",50,68,256.503065,458.46741,12,0,-1.39792633056641,"No","lb2"
"1138","q32",50,72,253.008287,400.91922,10,0,0.350517272949219,"No","lb2"
"1139","q32",50,73,168.960394,298.45908,10,0,14.5753936767578,"No","lb2"
"1140","q32",50,77,68.122328,95.02549,8,0,2.95824933052063,"No","lb2"
"1141","q32",50,81,125.321196,111.105216,7,0,17.2996673583984,"No","lb2"
"1142","q32",50,82,47.592316,66.86332,7,0,1.98476409912109,"No","lb2"
"1143","q32",50,83,92.418092,135.7343,7,0,37.2286262512207,"No","lb2"
"1144","q32",50,87,86.553023,172.91211,4,0,-1.43031477928162,"No","lb2"
"1145","q32",50,92,5.431743,14.59868,1,1,-0.110505469143391,"No","lb2"
"1146","q32",51,68,202.961461,256.503065,13,0,0.182723999023438,"No","lb2"
"1147","q32",51,72,280.688337,253.008287,11,0,-0.262550354003906,"No","lb2"
"1148","q32",51,73,44.109857,168.960394,11,0,11.9868469238281,"No","lb2"
"1149","q32",51,77,207.872442,68.122328,9,0,2.20495820045471,"No","lb2"
"1150","q32",51,81,137.91155,125.321196,8,0,12.7570877075195,"No","lb2"
"1151","q32",51,82,33.096812,47.592316,8,0,-0.0045166015625,"No","lb2"
"1152","q32",51,83,117.173927,92.418092,8,0,33.7517242431641,"No","lb2"
"1153","q32",51,87,117.132341,86.553023,5,0,-0.764640152454376,"No","lb2"
"1154","q32",51,92,6.232938,5.431743,2,1,-0.0695269182324409,"No","lb2"
"1155","q32",51,93,31.81419,2.098387,1,1,2.56930541992188,"No","lb2"
"1156","q32",51,95,6.501087,2.522859,1,0,12.4056243896484,"No","lb2"
"1157","q32",51,96,19.882791,3.598569,1,0,14.1896362304688,"No","lb2"
"1158","q32",51,98,13.93324,2.961862,1,0,30.188325881958,"No","lb2"
"1159","q32",52,101,7.482472,8.721767,1,0,33.3739852905273,"No","lb2"
"1160","q32",52,68,331.571239,202.961461,14,0,-0.060441080480814,"No","lb2"
"1161","q32",52,72,269.15596,280.688337,12,0,-0.291419982910156,"No","lb2"
"1162","q32",52,73,133.1627,44.109857,12,0,20.0216522216797,"No","lb2"
"1163","q32",52,77,262.354034,207.872442,10,0,-0.0774067267775536,"No","lb2"
"1164","q32",52,81,148.321948,137.91155,9,0,4.84137725830078,"No","lb2"
"1165","q32",52,82,99.96168,33.096812,9,0,10.0383529663086,"No","lb2"
"1166","q32",52,83,245.66705,117.173927,9,0,27.2175827026367,"No","lb2"
"1167","q32",52,87,122.32306,117.132341,6,0,0.106162562966347,"No","lb2"
"1168","q32",52,90,76.64248,18.24091,3,1,-0.293141186237335,"No","lb2"
"1169","q32",52,93,16.75517,31.81419,2,0,-0.0455703735351562,"No","lb2"
"1170","q32",52,95,6.641229,6.501087,2,0,15.0063781738281,"No","lb2"
"1171","q32",52,96,37.856412,19.882791,2,0,14.7761383056641,"No","lb2"
"1172","q32",52,98,34.41373,13.93324,2,0,28.0046424865723,"No","lb2"
"1173","q32",52,99,23.40444,20.06891,1,0,5.69171905517578,"No","lb2"
"1174","q32",53,101,8.090219,7.482472,2,0,27.0504150390625,"No","lb2"
"1175","q32",53,102,35.69396,11.45348,1,0,22.5993957519531,"No","lb2"
"1176","q32",53,104,16.11708,10.1555,1,1,-0.154234781861305,"No","lb2"
"1177","q32",53,68,475.948994,331.571239,15,0,-0.0449600219726562,"No","lb2"
"1178","q32",53,72,264.976114,269.15596,13,0,0.00904083251953125,"No","lb2"
"1179","q32",53,73,299.262006,133.1627,13,0,19.3125228881836,"No","lb2"
"1180","q32",53,77,307.122848,262.354034,11,0,-0.00354078225791454,"No","lb2"
"1181","q32",53,81,393.496792,148.321948,10,0,7.10276794433594,"No","lb2"
"1182","q32",53,82,148.436447,99.96168,10,0,-0.0126571655273438,"No","lb2"
"1183","q32",53,83,315.338216,245.66705,10,0,28.9292144775391,"No","lb2"
"1184","q32",53,87,194.920904,122.32306,7,0,-0.427638381719589,"No","lb2"
"1185","q32",53,90,25.097406,76.64248,4,0,-0.451713562011719,"No","lb2"
"1186","q32",53,93,69.49941,16.75517,3,0,2.56732940673828,"No","lb2"
"1187","q32",53,96,116.45296,37.856412,3,0,13.681022644043,"No","lb2"
"1188","q32",53,98,45.03215,34.41373,3,0,26.0502853393555,"No","lb2"
"1189","q32",53,99,62.486797,23.40444,2,0,5.28353881835938,"No","lb2"
"1190","q32",54,102,25.384779,35.69396,2,0,17.1011581420898,"No","lb2"
"1191","q32",54,104,15.6412396,16.11708,2,0,4.01447296142578,"No","lb2"
"1192","q32",54,68,382.489113,475.948994,16,0,-0.0309074204415083,"No","lb2"
"1193","q32",54,72,53.512163,264.976114,14,0,-0.239227294921875,"No","lb2"
"1194","q32",54,73,137.300867,299.262006,14,0,15.5808334350586,"No","lb2"
"1195","q32",54,77,296.8562857,307.122848,12,0,0.542966842651367,"No","lb2"
"1196","q32",54,81,244.647389,393.496792,11,0,0.186691284179688,"No","lb2"
"1197","q32",54,82,129.082308,148.436447,11,0,0.624565124511719,"No","lb2"
"1198","q32",54,83,165.101696,315.338216,11,0,28.2842102050781,"No","lb2"
"1199","q32",54,87,217.135502,194.920904,8,0,1.40511643886566,"No","lb2"
"1200","q32",54,90,6.091822,25.097406,5,1,0.0267257690429688,"No","lb2"
"1201","q32",54,93,33.76436,69.49941,4,0,4.50789642333984,"No","lb2"
"1202","q32",54,96,86.285851,116.45296,4,0,11.0775375366211,"No","lb2"
"1203","q32",54,98,105.574116,45.03215,4,0,21.5617847442627,"No","lb2"
"1204","q32",55,104,40.80187,15.6412396,3,0,0.0512520894408226,"No","lb2"
"1205","q32",55,68,185.974105,382.489113,17,0,-0.3211669921875,"No","lb2"
"1206","q32",55,72,73.49299,53.512163,15,0,-0.0885467529296875,"No","lb2"
"1207","q32",55,73,9.40372,137.300867,15,0,19.7377300262451,"No","lb2"
"1208","q32",55,77,81.399727,296.8562857,13,0,0.933686435222626,"No","lb2"
"1209","q32",55,81,208.780593,244.647389,12,0,0.0158309936523438,"No","lb2"
"1210","q32",55,82,197.68614,129.082308,12,0,-0.0508575439453125,"No","lb2"
"1211","q32",55,83,80.29475,165.101696,12,0,23.448787689209,"No","lb2"
"1212","q32",55,87,68.318468,217.135502,9,0,-0.134840190410614,"No","lb2"
"1213","q32",55,96,62.642683,86.285851,5,0,10.4956130981445,"No","lb2"
"1214","q32",55,98,76.103855,105.574116,5,0,20.352819442749,"No","lb2"
"1215","q32",56,104,102.47446,40.80187,4,0,-0.105623036623001,"No","lb2"
"1216","q32",56,106,24.257,10.02273,1,0,0.457572191953659,"No","lb2"
"1217","q32",56,68,474.159889,185.974105,18,0,0.330862164497375,"No","lb2"
"1218","q32",56,72,219.34352,73.49299,16,0,1.17772674560547,"No","lb2"
"1219","q32",56,73,110.958476,9.40372,16,0,13.5393629074097,"No","lb2"
"1220","q32",56,77,433.014633,81.399727,14,0,4.12354850769043,"No","lb2"
"1221","q32",56,81,760.668534,208.780593,13,0,5.35727691650391,"No","lb2"
"1222","q32",56,82,233.57212,197.68614,13,0,3.08293151855469,"No","lb2"
"1223","q32",56,83,197.64555,80.29475,13,0,32.9213790893555,"No","lb2"
"1224","q32",56,87,203.328563,68.318468,10,0,2.44927716255188,"No","lb2"
"1225","q32",56,96,173.42516,62.642683,6,0,8.96989440917969,"No","lb2"
"1226","q32",56,98,227.7264,76.103855,6,0,16.0889167785645,"No","lb2"
"1227","q32",57,104,45.52717,102.47446,5,0,-0.387604087591171,"No","lb2"
"1228","q32",57,106,45.63328,24.257,2,1,-0.810769200325012,"No","lb2"
"1229","q32",57,68,41.54373,474.159889,19,0,-0.0410712920129299,"No","lb2"
"1230","q32",57,72,27.568516,219.34352,17,0,0.422111511230469,"No","lb2"
"1231","q32",57,73,43.618131,110.958476,17,0,13.1213798522949,"No","lb2"
"1232","q32",57,77,42.063598,433.014633,15,0,2.12615752220154,"No","lb2"
"1233","q32",57,81,104.7178,760.668534,14,0,0.786338806152344,"No","lb2"
"1234","q32",57,82,67.285687,233.57212,14,0,0.144111633300781,"No","lb2"
"1235","q32",57,83,9.958913,197.64555,14,0,25.3964958190918,"No","lb2"
"1236","q32",57,87,53.352648,203.328563,11,0,0.978989362716675,"No","lb2"
"1237","q32",57,96,52.837575,173.42516,7,0,3.30133056640625,"No","lb2"
"1238","q32",57,98,36.15414,227.7264,7,0,15.6788787841797,"No","lb2"
"1239","q32",58,104,44.055795,45.52717,6,0,0.897554159164429,"No","lb2"
"1240","q32",58,68,188.312027,41.54373,20,0,1.39878880977631,"No","lb2"
"1241","q32",58,72,160.95091,27.568516,18,0,3.37497711181641,"No","lb2"
"1242","q32",58,73,60.256572,43.618131,18,0,14.6623497009277,"No","lb2"
"1243","q32",58,77,472.731801,42.063598,16,0,3.40948486328125,"No","lb2"
"1244","q32",58,81,481.114378,104.7178,15,0,3.36042785644531,"No","lb2"
"1245","q32",58,82,281.16256,67.285687,15,0,2.36029052734375,"No","lb2"
"1246","q32",58,83,136.939337,9.958913,15,0,23.206636428833,"No","lb2"
"1247","q32",58,87,184.622358,53.352648,12,0,-0.663108170032501,"No","lb2"
"1248","q32",58,96,225.548481,52.837575,8,0,7.82858276367188,"No","lb2"
"1249","q32",58,98,153.641853,36.15414,8,0,15.2053003311157,"No","lb2"
"1250","q32",59,68,161.44085,188.312027,21,0,-0.352129101753235,"No","lb2"
"1251","q32",59,73,70.60042,60.256572,19,0,15.6235971450806,"No","lb2"
"1252","q32",59,77,500.0206,472.731801,17,0,0.287284851074219,"No","lb2"
"1253","q32",59,81,540.536257,481.114378,16,0,3.56795501708984,"No","lb2"
"1254","q32",59,82,430.52515,281.16256,16,0,0.0766143798828125,"No","lb2"
"1255","q32",59,83,63.15276,136.939337,16,0,23.7625617980957,"No","lb2"
"1256","q32",59,87,501.98687,184.622358,13,0,2.09773278236389,"No","lb2"
"1257","q32",59,96,31.08291,225.548481,9,0,1.82791137695312,"No","lb2"
"1258","q32",60,68,569.760415,161.44085,22,0,-0.164347350597382,"No","lb2"
"1259","q32",60,73,174.191,70.60042,20,0,17.1961765289307,"No","lb2"
"1260","q32",60,77,452.49142,500.0206,18,0,-1.41774749755859,"No","lb2"
"1261","q32",60,81,1105.91483,540.536257,17,0,10.0201034545898,"No","lb2"
"1262","q32",60,82,784.87127,430.52515,17,0,-0.334953308105469,"No","lb2"
"1263","q32",60,83,88.03984,63.15276,17,0,29.3011569976807,"No","lb2"
"1264","q32",60,87,366.56521,501.98687,14,0,4.74407434463501,"No","lb2"
"1265","q32",60,96,94.47234,31.08291,10,1,0.316238403320312,"No","lb2"
"1266","q32",61,108,2.416503,25.22109,1,1,-0.586362302303314,"No","lb2"
"1267","q32",61,109,13.208548,10.15887,1,1,1.29131329059601,"No","lb2"
"1268","q32",61,68,217.950049,569.760415,23,0,0.271002650260925,"No","lb2"
"1269","q32",61,73,55.141281,174.191,21,0,19.0222702026367,"No","lb2"
"1270","q32",61,77,410.22576,452.49142,19,0,0.339432269334793,"No","lb2"
"1271","q32",61,81,533.116615,1105.91483,18,0,-0.369293212890625,"No","lb2"
"1272","q32",61,82,390.078255,784.87127,18,0,-0.126106262207031,"No","lb2"
"1273","q32",61,83,73.520717,88.03984,18,0,25.5277729034424,"No","lb2"
"1274","q32",61,87,240.067195,366.56521,15,0,1.42418015003204,"No","lb2"
"1275","q32",61,96,62.397514,94.47234,11,0,-0.320541381835938,"No","lb2"
"1276","q32",62,109,2.965333,13.208548,2,0,-0.789150357246399,"No","lb2"
"1277","q32",62,77,6866.997142,410.22576,20,0,-0.700271606445312,"No","lb2"
"1278","q32",63,109,92.95044,2.965333,3,1,2.71734809875488,"No","lb2"
"1279","q32",63,77,1532.134015,6866.997142,21,0,-0.306411743164062,"No","lb2"
"1280","q32",64,109,199.4056,92.95044,4,0,0.282895177602768,"No","lb2"
"1281","q32",64,77,3500.299374,1532.134015,22,0,-0.532658874988556,"No","lb2"
"1282","q32",65,109,26.29376,199.4056,5,0,0.162899330258369,"No","lb2"
"1283","q32",65,77,1340.0089596,3500.299374,23,0,-0.4432213306427,"No","lb2"
"1284","q32",66,109,32.072577,26.29376,6,0,0.932045876979828,"No","lb2"
"1285","q32",66,77,1935.524758,1340.0089596,24,0,-0.198028564453125,"No","lb2"
"1286","q32",67,109,13.24394,32.072577,7,0,1.62911820411682,"No","lb2"
"1287","q32",67,77,2873.137594,1935.524758,25,0,-2.16973114013672,"No","lb2"
"1288","q32",68,112,85.69807,14.9401,1,0,14.7481708526611,"No","lb2"
"1289","q32",68,77,5402.48892,2873.137594,26,0,-0.150169372558594,"No","lb2"
"1290","q32",69,77,7526.626,5402.48892,27,0,-0.386672973632812,"No","lb2"
"1291","q32",70,77,1285.969079,7526.626,28,0,-0.941673278808594,"No","lb2"
"1292","q32",71,77,7418.685,1285.969079,29,0,-0.352770626544952,"No","lb2"
