"","quad","year","trackID","area","survives","age","distEdgeMin","allEdge","quadname","Grazing","Group"
"1","q21",34,25,1.097309,0,1,2.39348602294922,1,"e1q4.1","No","lb1"
"2","q21",34,26,0.7438543,0,1,3.66252136230469,1,"e1q4.1","No","lb1"
"3","q21",34,37,3.732672,0,1,33.2012100219727,0,"e1q4.1","No","lb1"
"4","q21",34,28,1.361383,1,1,9.32565307617188,0,"e1q4.1","No","lb1"
"5","q21",34,29,5.707816,0,1,13.2679214477539,0,"e1q4.1","No","lb1"
"6","q21",34,27,7.299947,1,1,8.58281707763672,0,"e1q4.1","No","lb1"
"7","q21",34,34,4.995831,0,1,35.7030029296875,0,"e1q4.1","No","lb1"
"8","q21",34,35,7.44835,1,1,32.6252288818359,0,"e1q4.1","No","lb1"
"9","q21",34,36,5.218659,0,1,41.2936820983887,0,"e1q4.1","No","lb1"
"10","q21",34,38,4.784809,1,1,18.3858871459961,0,"e1q4.1","No","lb1"
"11","q21",34,30,3.922976,0,1,23.2930297851562,0,"e1q4.1","No","lb1"
"12","q21",34,39,3.219826,0,1,27.9477844238281,0,"e1q4.1","No","lb1"
"13","q21",34,40,1.840001,0,1,21.5301971435547,0,"e1q4.1","No","lb1"
"14","q21",34,32,10.62291,1,1,29.0787963867188,0,"e1q4.1","No","lb1"
"15","q21",34,33,1.263634,0,1,14.8514099121094,0,"e1q4.1","No","lb1"
"16","q21",34,31,1.765897,0,1,28.7466430664062,0,"e1q4.1","No","lb1"
"17","q21",36,41,8.674397,0,1,0.508110046386719,1,"e1q4.1","No","lb1"
"18","q21",37,42,26.08428,0,1,14.7642755508423,0,"e1q4.1","No","lb1"
"19","q21",46,44,10.33083,0,1,15.6020355224609,0,"e1q4.1","No","lb1"
"20","q21",46,43,16.34812,1,1,7.31627655029297,0,"e1q4.1","No","lb1"
"21","q21",49,47,40.32272,0,1,13.9446659088135,0,"e1q4.1","No","lb1"
"22","q21",49,45,4.72162,1,1,22.9215354919434,0,"e1q4.1","No","lb1"
"23","q21",49,46,4.374179,0,1,3.66047692298889,0,"e1q4.1","No","lb1"
"24","q21",52,48,9.299331,1,1,0.797279357910156,1,"e1q4.1","No","lb1"
"25","q21",54,52,1.826936,0,1,12.8970794677734,0,"e1q4.1","No","lb1"
"26","q21",54,51,5.790029,0,1,20.0241012573242,0,"e1q4.1","No","lb1"
"27","q21",54,49,4.888697,0,1,32.1456527709961,0,"e1q4.1","No","lb1"
"28","q21",54,57,0.6881522,0,1,11.2857360839844,0,"e1q4.1","No","lb1"
"29","q21",54,54,3.867035,0,1,9.36771392822266,0,"e1q4.1","No","lb1"
"30","q21",54,50,3.357346,0,1,18.0215682983398,0,"e1q4.1","No","lb1"
"31","q21",54,61,0.6881555,0,1,6.86425018310547,0,"e1q4.1","No","lb1"
"32","q21",54,58,3.648706,0,1,12.5894241333008,0,"e1q4.1","No","lb1"
"33","q21",54,55,6.971477,0,1,11.7354888916016,0,"e1q4.1","No","lb1"
"34","q21",54,56,1.551701,0,1,4.74549865722656,0,"e1q4.1","No","lb1"
"35","q21",54,62,0.5391975,0,1,3.98667907714844,0,"e1q4.1","No","lb1"
"36","q21",54,53,2.562276,0,1,7.09878540039062,0,"e1q4.1","No","lb1"
"37","q21",54,60,0.7917082,0,1,1.40476226806641,1,"e1q4.1","No","lb1"
"38","q21",54,59,0.6881461,0,1,7.97553253173828,0,"e1q4.1","No","lb1"
"39","q21",56,63,16.58592,1,1,16.5041027069092,0,"e1q4.1","No","lb1"
"40","q21",57,65,7.666517,0,1,8.70606803894043,0,"e1q4.1","No","lb1"
"41","q21",57,64,6.692677,1,1,24.4609527587891,0,"e1q4.1","No","lb1"
"42","q21",60,67,16.27959,1,1,6.17943572998047,0,"e1q4.1","No","lb1"
"43","q21",60,66,178.9836,1,1,-0.750328063964844,0,"e1q4.1","No","lb1"
"44","q21",61,68,10.6805,1,1,38.429859161377,0,"e1q4.1","No","lb1"
"45","q21",62,70,0.7328165,0,1,13.8329477310181,0,"e1q4.1","No","lb1"
"46","q21",62,69,3.062617,0,1,8.757568359375,0,"e1q4.1","No","lb1"
"47","q21",63,72,0.6680013,0,1,13.8323860168457,0,"e1q4.1","No","lb1"
"48","q21",63,73,0.6271468,0,1,18.9062900543213,0,"e1q4.1","No","lb1"
"49","q21",63,71,30.49569,1,1,11.161979675293,0,"e1q4.1","No","lb1"
"50","q21",64,75,13.87159,0,1,1.02867770195007,1,"e1q4.1","No","lb1"
"51","q21",64,74,5.751617,0,1,12.4235153198242,0,"e1q4.1","No","lb1"
"52","q21",67,77,4.513832,0,1,21.2102279663086,0,"e1q4.1","No","lb1"
"53","q21",67,76,3.628255,0,1,17.0863265991211,0,"e1q4.1","No","lb1"
"54","q23",57,29,2.467372,0,1,1.57060241699219,1,"e1q4a.1","No","lb1"
"55","q23",57,28,5.277493,1,1,1.31101226806641,1,"e1q4a.1","No","lb1"
"56","q23",61,30,16.48611,0,1,20.7131500244141,0,"e1q4a.1","No","lb1"
"57","q23",64,31,189.3165,1,1,0.642448425292969,0,"e1q4a.1","No","lb1"
"58","q23",71,42,0.7189082,0,1,10.8269119262695,0,"e1q4a.1","No","lb1"
"59","q23",71,38,0.7189049,0,1,15.1364974975586,0,"e1q4a.1","No","lb1"
"60","q23",71,41,0.7189018,0,1,14.0031509399414,0,"e1q4a.1","No","lb1"
"61","q23",71,39,0.7189018,0,1,6.56522369384766,0,"e1q4a.1","No","lb1"
"62","q23",71,35,0.7189082,0,1,0.0753631591796875,1,"e1q4a.1","No","lb1"
"63","q23",71,37,0.7189049,0,1,8.66712188720703,0,"e1q4a.1","No","lb1"
"64","q23",71,32,0.7189082,0,1,2.39833068847656,1,"e1q4a.1","No","lb1"
"65","q23",71,33,0.7188984,0,1,5.37637329101562,0,"e1q4a.1","No","lb1"
"66","q23",71,34,0.7189082,0,1,5.82298278808594,0,"e1q4a.1","No","lb1"
"67","q23",71,36,0.7189082,0,1,5.62126922607422,0,"e1q4a.1","No","lb1"
"68","q23",71,43,0.7189045,0,1,4.51984405517578,0,"e1q4a.1","No","lb1"
"69","q23",71,40,0.7189018,0,1,12.3724136352539,0,"e1q4a.1","No","lb1"
"70","q24",34,33,1.51263,0,1,0.131988525390625,1,"e1q4a.2","No","lb1"
"71","q24",34,32,2.376491,0,1,3.47632598876953,0,"e1q4a.2","No","lb1"
"72","q24",34,31,7.811436,1,1,5.34262847900391,0,"e1q4a.2","No","lb1"
"73","q24",34,30,6.11342,0,1,32.6466979980469,0,"e1q4a.2","No","lb1"
"74","q24",37,35,4.515401,1,1,28.4329700469971,0,"e1q4a.2","No","lb1"
"75","q24",37,34,3.822492,1,1,39.4158096313477,0,"e1q4a.2","No","lb1"
"76","q24",64,36,7.348566,1,1,-0.356956481933594,1,"e1q4a.2","No","lb1"
"77","q24",71,37,0.6999996,0,1,11.0999984741211,0,"e1q4a.2","No","lb1"
"78","q24",71,42,0.6799998,0,1,8.5,0,"e1q4a.2","No","lb1"
"79","q24",71,43,0.722499,0,1,2.40000152587891,1,"e1q4a.2","No","lb1"
"80","q24",71,39,0.6650011,0,1,8.65000152587891,0,"e1q4a.2","No","lb1"
"81","q24",71,40,0.7199988,0,1,5.09999847412109,0,"e1q4a.2","No","lb1"
"82","q24",71,41,0.6750015,0,1,11.5500030517578,0,"e1q4a.2","No","lb1"
"83","q24",71,38,0.6999976,0,1,9.75,0,"e1q4a.2","No","lb1"
"84","q25",34,20,3.867419,0,1,12.6274642944336,0,"e1q5.1","No","bb1"
"85","q25",34,21,8.875511,1,1,28.5313110351562,0,"e1q5.1","No","bb1"
"86","q25",34,15,8.387486,0,1,0.461082458496094,1,"e1q5.1","No","bb1"
"87","q25",34,16,8.281858,0,1,6.5673828125,0,"e1q5.1","No","bb1"
"88","q25",34,32,13.19199,1,1,26.4016094207764,0,"e1q5.1","No","bb1"
"89","q25",34,18,4.538327,1,1,8.23220825195312,0,"e1q5.1","No","bb1"
"90","q25",34,19,3.958719,0,1,11.5246124267578,0,"e1q5.1","No","bb1"
"91","q25",34,31,8.760097,1,1,35.0529403686523,0,"e1q5.1","No","bb1"
"92","q25",34,23,5.189007,0,1,38.569019317627,0,"e1q5.1","No","bb1"
"93","q25",34,33,12.97169,1,1,28.1030941009521,0,"e1q5.1","No","bb1"
"94","q25",34,34,6.275589,0,1,30.3487453460693,0,"e1q5.1","No","bb1"
"95","q25",34,22,5.975692,0,1,36.1435432434082,0,"e1q5.1","No","bb1"
"96","q25",34,27,9.663177,0,1,30.7720489501953,0,"e1q5.1","No","bb1"
"97","q25",34,24,4.469795,0,1,30.8533706665039,0,"e1q5.1","No","bb1"
"98","q25",34,25,13.88616,1,1,37.4005126953125,0,"e1q5.1","No","bb1"
"99","q25",34,26,12.30578,1,1,37.1090927124023,0,"e1q5.1","No","bb1"
"100","q25",34,35,5.547248,0,1,27.2124862670898,0,"e1q5.1","No","bb1"
"101","q25",34,17,8.956326,1,1,7.53493499755859,0,"e1q5.1","No","bb1"
"102","q25",34,29,18.10221,1,1,15.983925819397,0,"e1q5.1","No","bb1"
"103","q25",34,30,5.457888,0,1,35.4839096069336,0,"e1q5.1","No","bb1"
"104","q25",34,38,6.488276,0,1,24.0526123046875,0,"e1q5.1","No","bb1"
"105","q25",34,36,6.201932,1,1,26.5309524536133,0,"e1q5.1","No","bb1"
"106","q25",34,28,5.507171,1,1,0.00571121601387858,1,"e1q5.1","No","bb1"
"107","q25",34,37,10.65672,1,1,20.1144943237305,0,"e1q5.1","No","bb1"
"108","q25",34,44,8.018107,1,1,0.523229897022247,1,"e1q5.1","No","bb1"
"109","q25",34,39,10.45789,1,1,23.4926071166992,0,"e1q5.1","No","bb1"
"110","q25",34,43,5.819349,1,1,2.87283086776733,0,"e1q5.1","No","bb1"
"111","q25",34,41,6.504876,0,1,20.3718605041504,0,"e1q5.1","No","bb1"
"112","q25",34,42,44.74428,1,1,13.3354377746582,0,"e1q5.1","No","bb1"
"113","q25",34,40,7.670898,1,1,22.1318187713623,0,"e1q5.1","No","bb1"
"114","q25",35,48,4.594031,0,1,8.43455791473389,0,"e1q5.1","No","bb1"
"115","q25",35,51,2.992485,0,1,12.1288204193115,0,"e1q5.1","No","bb1"
"116","q25",35,47,5.38015,1,1,28.8191680908203,0,"e1q5.1","No","bb1"
"117","q25",35,46,7.658477,1,1,8.79034423828125,0,"e1q5.1","No","bb1"
"118","q25",35,49,15.04485,0,1,12.1456146240234,0,"e1q5.1","No","bb1"
"119","q25",35,45,30.47528,1,1,2.87569403648376,0,"e1q5.1","No","bb1"
"120","q25",35,50,3.227357,0,1,13.9283456802368,0,"e1q5.1","No","bb1"
"121","q25",36,53,2.255011,0,1,10.7141876220703,0,"e1q5.1","No","bb1"
"122","q25",36,56,11.34693,0,1,20.0267791748047,0,"e1q5.1","No","bb1"
"123","q25",36,52,21.22517,0,1,-0.0252914428710938,0,"e1q5.1","No","bb1"
"124","q25",36,54,2.75544,0,1,13.8767223358154,0,"e1q5.1","No","bb1"
"125","q25",36,55,11.52173,0,1,21.4452819824219,0,"e1q5.1","No","bb1"
"126","q25",36,57,0.6998087,0,1,10.8706741333008,0,"e1q5.1","No","bb1"
"127","q25",38,58,7.75803,0,1,-0.0917177647352219,1,"e1q5.1","No","bb1"
"128","q25",39,59,4.574088,0,1,18.3848991394043,0,"e1q5.1","No","bb1"
"129","q25",41,60,77.26994,1,1,3.01364922523499,0,"e1q5.1","No","bb1"
"130","q25",41,61,214.0775,1,1,4.18871068954468,0,"e1q5.1","No","bb1"
"131","q25",42,62,17.56779,0,1,4.1930775642395,0,"e1q5.1","No","bb1"
"132","q25",45,64,22.18071,0,1,14.8601684570312,0,"e1q5.1","No","bb1"
"133","q25",45,63,23.62541,0,1,7.92570495605469,0,"e1q5.1","No","bb1"
"134","q25",47,65,53.63921,1,1,-0.172069475054741,0,"e1q5.1","No","bb1"
"135","q25",48,67,4.802005,1,1,20.4543571472168,0,"e1q5.1","No","bb1"
"136","q25",48,66,4.275818,0,1,8.9949951171875,0,"e1q5.1","No","bb1"
"137","q25",50,68,5.384119,1,1,31.231273651123,0,"e1q5.1","No","bb1"
"138","q25",50,70,5.99081,1,1,46.6804275512695,0,"e1q5.1","No","bb1"
"139","q25",50,69,1.820725,0,1,30.2494735717773,0,"e1q5.1","No","bb1"
"140","q25",51,74,3.639331,0,1,2.06957292556763,1,"e1q5.1","No","bb1"
"141","q25",51,72,3.904596,1,1,5.53690576553345,0,"e1q5.1","No","bb1"
"142","q25",51,73,2.937393,0,1,2.50613117218018,1,"e1q5.1","No","bb1"
"143","q25",51,71,6.945252,1,1,0.453697204589844,1,"e1q5.1","No","bb1"
"144","q25",53,75,12.61637,0,1,34.5129547119141,0,"e1q5.1","No","bb1"
"145","q25",53,76,18.51459,0,1,0.0840067565441132,1,"e1q5.1","No","bb1"
"146","q25",53,77,5.734265,0,1,0.55116206407547,1,"e1q5.1","No","bb1"
"147","q25",54,78,46.8876,0,1,28.3182220458984,0,"e1q5.1","No","bb1"
"148","q25",55,79,21.60464,1,1,27.0186538696289,0,"e1q5.1","No","bb1"
"149","q25",56,88,34.74109,1,1,0.444938659667969,0,"e1q5.1","No","bb1"
"150","q25",56,86,50.31686,0,1,5.04252624511719,0,"e1q5.1","No","bb1"
"151","q25",56,89,45.47586,1,1,16.2813568115234,0,"e1q5.1","No","bb1"
"152","q25",56,87,55.64434,1,1,10.0102157592773,0,"e1q5.1","No","bb1"
"153","q25",56,85,7.374443,0,1,3.72038269042969,0,"e1q5.1","No","bb1"
"154","q25",56,80,79.98295,0,1,0,0,"e1q5.1","No","bb1"
"155","q25",56,83,13.22942,0,1,1.56580352783203,0,"e1q5.1","No","bb1"
"156","q25",56,84,18.81353,0,1,3.63280487060547,0,"e1q5.1","No","bb1"
"157","q25",56,81,32.43923,1,1,0.670677185058594,0,"e1q5.1","No","bb1"
"158","q25",56,90,62.43465,0,1,11.1760025024414,0,"e1q5.1","No","bb1"
"159","q25",56,82,18.55053,1,1,1.29168701171875,0,"e1q5.1","No","bb1"
"160","q25",57,92,32.76163,1,1,4.86563110351562,0,"e1q5.1","No","bb1"
"161","q25",57,93,15.87716,0,1,17.0287322998047,0,"e1q5.1","No","bb1"
"162","q25",57,91,38.47142,0,1,9.94853973388672,0,"e1q5.1","No","bb1"
"163","q25",60,99,67.22999,0,1,-0.25,0,"e1q5.1","No","bb1"
"164","q25",60,100,11.3325,0,1,2.55000305175781,0,"e1q5.1","No","bb1"
"165","q25",60,95,62.7675,1,1,-0.699996948242188,0,"e1q5.1","No","bb1"
"166","q25",60,96,16.38,0,1,13.5999984741211,0,"e1q5.1","No","bb1"
"167","q25",60,94,92.105,1,1,3.40000152587891,0,"e1q5.1","No","bb1"
"168","q25",60,98,34.1225,0,1,13,0,"e1q5.1","No","bb1"
"169","q25",60,97,27.07999,0,1,1.05000305175781,0,"e1q5.1","No","bb1"
"170","q25",64,101,6.51359,0,1,9.32803344726562,0,"e1q5.1","No","bb1"
"171","q25",65,102,3.009576,0,1,1.44830322265625,1,"e1q5.1","No","bb1"
"172","q27",34,73,9.437661,0,1,41.3114776611328,0,"e1q5.3","No","bb1"
"173","q27",34,64,10.38566,0,1,7.24821472167969,0,"e1q5.3","No","bb1"
"174","q27",34,72,5.77117,0,1,31.9983654022217,0,"e1q5.3","No","bb1"
"175","q27",34,84,10.00445,1,1,6.33285331726074,0,"e1q5.3","No","bb1"
"176","q27",34,74,6.885901,1,1,32.7474632263184,0,"e1q5.3","No","bb1"
"177","q27",34,75,41.13758,1,1,26.2668991088867,0,"e1q5.3","No","bb1"
"178","q27",34,85,7.067982,0,1,4.92239904403687,0,"e1q5.3","No","bb1"
"179","q27",34,66,11.49943,1,1,11.9274520874023,0,"e1q5.3","No","bb1"
"180","q27",34,67,307.2294,1,1,7.64408111572266,0,"e1q5.3","No","bb1"
"181","q27",34,68,26.74408,0,1,22.017448425293,0,"e1q5.3","No","bb1"
"182","q27",34,65,12.42573,1,1,9.73044586181641,0,"e1q5.3","No","bb1"
"183","q27",34,69,6.190556,1,1,23.4726943969727,0,"e1q5.3","No","bb1"
"184","q27",34,70,9.938767,1,1,25.9113464355469,0,"e1q5.3","No","bb1"
"185","q27",34,71,15.45325,0,1,39.7172508239746,0,"e1q5.3","No","bb1"
"186","q27",34,79,2.174556,0,1,22.7851638793945,0,"e1q5.3","No","bb1"
"187","q27",34,76,91.32693,1,1,19.0771198272705,0,"e1q5.3","No","bb1"
"188","q27",34,86,5.93327,0,1,1.72701752185822,0,"e1q5.3","No","bb1"
"189","q27",34,87,8.422966,1,1,0.0552050955593586,1,"e1q5.3","No","bb1"
"190","q27",34,83,13.53219,1,1,4.58911228179932,0,"e1q5.3","No","bb1"
"191","q27",34,80,12.04989,0,1,19.8531703948975,0,"e1q5.3","No","bb1"
"192","q27",34,77,8.552706,0,1,16.8586273193359,0,"e1q5.3","No","bb1"
"193","q27",34,78,56.35712,1,1,-0.0027008056640625,0,"e1q5.3","No","bb1"
"194","q27",34,81,14.87428,1,1,9.38534545898438,0,"e1q5.3","No","bb1"
"195","q27",34,82,115.3312,1,1,0.0004864537040703,0,"e1q5.3","No","bb1"
"196","q27",35,88,9.954012,1,1,11.2286148071289,0,"e1q5.3","No","bb1"
"197","q27",35,91,11.30876,1,1,10.600793838501,0,"e1q5.3","No","bb1"
"198","q27",35,90,16.63062,0,1,16.954216003418,0,"e1q5.3","No","bb1"
"199","q27",35,92,21.27277,0,1,0.0733609795570374,0,"e1q5.3","No","bb1"
"200","q27",35,89,8.095193,1,1,2.19318389892578,1,"e1q5.3","No","bb1"
"201","q27",36,93,3.281224,0,1,0.459460854530334,1,"e1q5.3","No","bb1"
"202","q27",38,94,5.765474,1,1,3.78670501708984,0,"e1q5.3","No","bb1"
"203","q27",39,95,8.23427,0,1,14.6592788696289,0,"e1q5.3","No","bb1"
"204","q27",40,96,0.6962712,0,1,13.4800033569336,0,"e1q5.3","No","bb1"
"205","q27",42,103,24.44778,1,1,22.3517303466797,0,"e1q5.3","No","bb1"
"206","q27",42,107,41.39721,1,1,23.9853744506836,0,"e1q5.3","No","bb1"
"207","q27",42,101,25.7428,1,1,28.2339553833008,0,"e1q5.3","No","bb1"
"208","q27",42,98,52.89724,1,1,14.6325531005859,0,"e1q5.3","No","bb1"
"209","q27",42,104,89.40817,1,1,31.7066688537598,0,"e1q5.3","No","bb1"
"210","q27",42,102,79.80057,1,1,-0.069143533706665,1,"e1q5.3","No","bb1"
"211","q27",42,106,9.786357,0,1,33.9883460998535,0,"e1q5.3","No","bb1"
"212","q27",42,99,351.2419,1,1,10.1444444656372,0,"e1q5.3","No","bb1"
"213","q27",42,105,42.89842,1,1,29.4480514526367,0,"e1q5.3","No","bb1"
"214","q27",42,100,12.59389,0,1,20.1389446258545,0,"e1q5.3","No","bb1"
"215","q27",42,108,11.29324,0,1,17.3876209259033,0,"e1q5.3","No","bb1"
"216","q27",42,97,10.07747,1,1,11.4162979125977,0,"e1q5.3","No","bb1"
"217","q27",43,113,26.77687,0,1,-0.00789642333984375,0,"e1q5.3","No","bb1"
"218","q27",43,112,49.79227,0,1,8.50707244873047,0,"e1q5.3","No","bb1"
"219","q27",43,111,42.57692,0,1,6.99799346923828,0,"e1q5.3","No","bb1"
"220","q27",43,115,120.3793,0,1,0.293593555688858,0,"e1q5.3","No","bb1"
"221","q27",43,114,25.5025,0,1,43.7712211608887,0,"e1q5.3","No","bb1"
"222","q27",43,109,29.93474,0,1,-0.591567993164062,0,"e1q5.3","No","bb1"
"223","q27",43,110,81.00697,0,1,6.83148956298828,0,"e1q5.3","No","bb1"
"224","q27",44,116,3.543443,0,1,4.41378021240234,0,"e1q5.3","No","bb1"
"225","q27",44,117,5.183092,0,1,7.68121671676636,0,"e1q5.3","No","bb1"
"226","q27",45,118,328.9027,0,1,-1.17801296710968,0,"e1q5.3","No","bb1"
"227","q27",49,120,31.00582,1,1,-0.498426854610443,0,"e1q5.3","No","bb1"
"228","q27",49,121,5.042055,0,1,8.8380298614502,0,"e1q5.3","No","bb1"
"229","q27",49,119,11.37505,0,1,23.142297744751,0,"e1q5.3","No","bb1"
"230","q27",50,125,11.23509,0,1,23.9314479827881,0,"e1q5.3","No","bb1"
"231","q27",50,122,1.730827,0,1,0.00020599365234375,1,"e1q5.3","No","bb1"
"232","q27",50,123,3.921589,0,1,-0.000457763671875,1,"e1q5.3","No","bb1"
"233","q27",50,124,4.88858,0,1,3.69649505615234,0,"e1q5.3","No","bb1"
"234","q27",51,126,3.656556,0,1,7.5368185043335,0,"e1q5.3","No","bb1"
"235","q27",54,127,3.534269,0,1,3.96869802474976,0,"e1q5.3","No","bb1"
"236","q27",67,129,0.7103905,0,1,40.5352630615234,0,"e1q5.3","No","bb1"
"237","q27",67,128,8.630754,0,1,16.5026779174805,0,"e1q5.3","No","bb1"
"238","q28",37,58,17.59742,0,1,26.5220336914062,0,"e1q5.4","No","bb1"
"239","q28",37,57,33.30368,1,1,13.4789047241211,0,"e1q5.4","No","bb1"
"240","q28",37,56,16.49393,0,1,0.314248412847519,1,"e1q5.4","No","bb1"
"241","q28",38,61,4.020435,0,1,17.7002906799316,0,"e1q5.4","No","bb1"
"242","q28",38,62,13.26697,0,1,6.43637084960938,0,"e1q5.4","No","bb1"
"243","q28",38,59,7.765881,0,1,27.2670345306396,0,"e1q5.4","No","bb1"
"244","q28",38,60,9.083458,0,1,25.8266544342041,0,"e1q5.4","No","bb1"
"245","q28",39,63,2.454063,0,1,10.3188323974609,0,"e1q5.4","No","bb1"
"246","q28",39,64,10.94446,0,1,36.0829582214355,0,"e1q5.4","No","bb1"
"247","q28",41,66,10.05778,1,1,6.44454145431519,0,"e1q5.4","No","bb1"
"248","q28",41,65,0.733516,1,1,2.80606079101562,1,"e1q5.4","No","bb1"
"249","q28",42,71,0.7162736,0,1,6.27391767501831,0,"e1q5.4","No","bb1"
"250","q28",42,74,33.95413,1,1,2.68107318878174,0,"e1q5.4","No","bb1"
"251","q28",42,67,8.545159,1,1,-0.0606536865234375,1,"e1q5.4","No","bb1"
"252","q28",42,70,4.750489,1,1,3.86559700965881,0,"e1q5.4","No","bb1"
"253","q28",42,69,24.26054,1,1,23.8262538909912,0,"e1q5.4","No","bb1"
"254","q28",42,72,0.7162655,0,1,3.35179233551025,1,"e1q5.4","No","bb1"
"255","q28",42,75,8.341805,0,1,-0.392793565988541,1,"e1q5.4","No","bb1"
"256","q28",42,68,4.783551,1,1,11.8730010986328,0,"e1q5.4","No","bb1"
"257","q28",42,73,1.420341,1,1,7.15339183807373,0,"e1q5.4","No","bb1"
"258","q28",43,79,38.24429,1,1,25.8664741516113,0,"e1q5.4","No","bb1"
"259","q28",43,76,11.8962,1,1,6.91435241699219,0,"e1q5.4","No","bb1"
"260","q28",43,77,26.23529,1,1,15.4014205932617,0,"e1q5.4","No","bb1"
"261","q28",43,78,42.66993,1,1,36.808666229248,0,"e1q5.4","No","bb1"
"262","q28",43,80,35.47394,1,1,-0.0222243405878544,0,"e1q5.4","No","bb1"
"263","q28",43,81,17.18541,1,1,7.87749481201172,0,"e1q5.4","No","bb1"
"264","q28",44,82,11.9676,0,1,1.72835505008698,0,"e1q5.4","No","bb1"
"265","q28",45,84,24.30965,1,1,0.951278686523438,0,"e1q5.4","No","bb1"
"266","q28",45,87,13.09453,1,1,5.00897979736328,0,"e1q5.4","No","bb1"
"267","q28",45,91,28.71394,1,1,17.7880725860596,0,"e1q5.4","No","bb1"
"268","q28",45,88,19.22905,0,1,16.7372570037842,0,"e1q5.4","No","bb1"
"269","q28",45,85,14.0062,0,1,2.11164855957031,0,"e1q5.4","No","bb1"
"270","q28",45,83,12.80208,0,1,0.219154357910156,1,"e1q5.4","No","bb1"
"271","q28",45,86,15.89458,1,1,5.15023040771484,0,"e1q5.4","No","bb1"
"272","q28",45,89,22.71611,1,1,27.2766342163086,0,"e1q5.4","No","bb1"
"273","q28",45,90,22.74446,1,1,19.7394580841064,0,"e1q5.4","No","bb1"
"274","q28",46,92,12.67096,0,1,7.36965179443359,0,"e1q5.4","No","bb1"
"275","q28",46,93,26.69662,1,1,22.5484313964844,0,"e1q5.4","No","bb1"
"276","q28",46,94,10.10606,1,1,14.0971832275391,0,"e1q5.4","No","bb1"
"277","q28",47,95,24.04678,0,1,0.161952957510948,1,"e1q5.4","No","bb1"
"278","q28",48,96,14.71812,0,1,0.6685791015625,1,"e1q5.4","No","bb1"
"279","q28",48,101,2.324153,0,1,-0.0878592953085899,1,"e1q5.4","No","bb1"
"280","q28",48,99,5.674013,1,1,43.231632232666,0,"e1q5.4","No","bb1"
"281","q28",48,97,13.09238,1,1,19.5944900512695,0,"e1q5.4","No","bb1"
"282","q28",48,100,20.97066,1,1,14.9126415252686,0,"e1q5.4","No","bb1"
"283","q28",48,98,5.87692,0,1,18.3926696777344,0,"e1q5.4","No","bb1"
"284","q28",50,102,24.06057,1,1,-0.737022399902344,1,"e1q5.4","No","bb1"
"285","q28",50,106,13.74787,0,1,-0.302600711584091,1,"e1q5.4","No","bb1"
"286","q28",50,103,44.35676,1,1,-0.943163990974426,0,"e1q5.4","No","bb1"
"287","q28",50,104,2.425185,1,1,-0.866600036621094,1,"e1q5.4","No","bb1"
"288","q28",50,105,1.937255,0,1,-0.912528991699219,1,"e1q5.4","No","bb1"
"289","q28",61,107,3.086229,0,1,9.86038208007812,0,"e1q5.4","No","bb1"
"290","q28",61,108,1.869392,1,1,0.787661492824554,1,"e1q5.4","No","bb1"
"291","q28",62,109,2.289676,0,1,0.217964172363281,1,"e1q5.4","No","bb1"
"292","q28",62,110,1.313487,0,1,1.77413940429688,1,"e1q5.4","No","bb1"
"293","q28",71,111,0.7134496,0,1,23.6648406982422,0,"e1q5.4","No","bb1"
"294","q30",35,100,3.561851,0,1,27.8620910644531,0,"e2q2.2","No","lb2"
"295","q30",35,104,6.924487,0,1,24.6840286254883,0,"e2q2.2","No","lb2"
"296","q30",35,105,6.089577,1,1,12.1350650787354,0,"e2q2.2","No","lb2"
"297","q30",35,107,4.814157,0,1,18.7697868347168,0,"e2q2.2","No","lb2"
"298","q30",35,108,2.832012,0,1,8.45086193084717,0,"e2q2.2","No","lb2"
"299","q30",35,109,5.958188,0,1,15.5002145767212,0,"e2q2.2","No","lb2"
"300","q30",35,110,4.217509,0,1,14.7887210845947,0,"e2q2.2","No","lb2"
"301","q30",35,111,7.903202,1,1,11.1800985336304,0,"e2q2.2","No","lb2"
"302","q30",35,112,2.732934,0,1,0.0648412331938744,1,"e2q2.2","No","lb2"
"303","q30",35,91,10.46762,1,1,1.12610626220703,0,"e2q2.2","No","lb2"
"304","q30",35,101,5.167595,0,1,23.4475402832031,0,"e2q2.2","No","lb2"
"305","q30",35,102,3.800275,0,1,0.005096435546875,1,"e2q2.2","No","lb2"
"306","q30",35,103,4.61198,0,1,21.7237167358398,0,"e2q2.2","No","lb2"
"307","q30",35,95,9.373265,1,1,16.2395782470703,0,"e2q2.2","No","lb2"
"308","q30",35,96,5.717759,0,1,11.5348358154297,0,"e2q2.2","No","lb2"
"309","q30",35,106,4.934793,0,1,6.66472053527832,0,"e2q2.2","No","lb2"
"310","q30",35,98,8.484508,0,1,21.2079391479492,0,"e2q2.2","No","lb2"
"311","q30",35,99,5.153316,0,1,29.4292030334473,0,"e2q2.2","No","lb2"
"312","q30",35,93,10.37534,0,1,4.04120635986328,0,"e2q2.2","No","lb2"
"313","q30",35,94,4.633341,0,1,13.556282043457,0,"e2q2.2","No","lb2"
"314","q30",35,92,3.326701,0,1,3.42540740966797,0,"e2q2.2","No","lb2"
"315","q30",35,97,11.60947,1,1,24.7000732421875,0,"e2q2.2","No","lb2"
"316","q30",36,113,12.31131,1,1,23.6889038085938,0,"e2q2.2","No","lb2"
"317","q30",37,114,2.185885,0,1,0.702639997005463,1,"e2q2.2","No","lb2"
"318","q30",38,115,1.768737,0,1,2.11165690422058,1,"e2q2.2","No","lb2"
"319","q30",38,116,11.85275,1,1,9.35536193847656,0,"e2q2.2","No","lb2"
"320","q30",39,119,6.317488,1,1,25.2618923187256,0,"e2q2.2","No","lb2"
"321","q30",39,118,0.7442108,1,1,10.1056518554688,0,"e2q2.2","No","lb2"
"322","q30",39,123,1.844375,0,1,8.96915245056152,0,"e2q2.2","No","lb2"
"323","q30",39,117,0.9205523,1,1,1.41796875,1,"e2q2.2","No","lb2"
"324","q30",39,121,3.957557,0,1,22.8443126678467,0,"e2q2.2","No","lb2"
"325","q30",39,122,1.708737,0,1,13.3376388549805,0,"e2q2.2","No","lb2"
"326","q30",39,120,2.04299,0,1,25.330005645752,0,"e2q2.2","No","lb2"
"327","q30",40,124,58.55454,0,1,0.180923461914062,0,"e2q2.2","No","lb2"
"328","q30",40,126,35.26165,0,1,14.2965393066406,0,"e2q2.2","No","lb2"
"329","q30",40,127,7.032028,1,1,12.4642162322998,0,"e2q2.2","No","lb2"
"330","q30",40,125,6.245614,0,1,10.0490570068359,0,"e2q2.2","No","lb2"
"331","q30",41,128,41.64943,0,1,1.01728796958923,0,"e2q2.2","No","lb2"
"332","q30",42,132,18.55483,1,1,40.0376663208008,0,"e2q2.2","No","lb2"
"333","q30",42,129,10.96271,1,1,1.60021209716797,0,"e2q2.2","No","lb2"
"334","q30",42,131,32.8759,1,1,29.9793472290039,0,"e2q2.2","No","lb2"
"335","q30",42,135,11.45025,1,1,4.49354028701782,0,"e2q2.2","No","lb2"
"336","q30",42,130,53.23569,1,1,10.4478816986084,0,"e2q2.2","No","lb2"
"337","q30",42,134,19.64973,0,1,15.0923805236816,0,"e2q2.2","No","lb2"
"338","q30",42,133,65.83865,1,1,13.3190860748291,0,"e2q2.2","No","lb2"
"339","q30",43,137,5.709452,0,1,2.521484375,0,"e2q2.2","No","lb2"
"340","q30",43,136,25.67262,1,1,0.555366516113281,0,"e2q2.2","No","lb2"
"341","q30",43,141,11.32891,1,1,5.96413326263428,0,"e2q2.2","No","lb2"
"342","q30",43,139,10.35515,1,1,9.11578369140625,0,"e2q2.2","No","lb2"
"343","q30",43,140,30.90197,1,1,0.114729031920433,0,"e2q2.2","No","lb2"
"344","q30",43,142,10.30374,0,1,11.3012180328369,0,"e2q2.2","No","lb2"
"345","q30",43,143,14.53806,1,1,-0.177376821637154,1,"e2q2.2","No","lb2"
"346","q30",43,138,12.14964,1,1,4.67411041259766,0,"e2q2.2","No","lb2"
"347","q30",44,145,41.38856,1,1,31.8976268768311,0,"e2q2.2","No","lb2"
"348","q30",44,144,16.14044,1,1,1.78518462181091,0,"e2q2.2","No","lb2"
"349","q30",44,147,88.9286,1,1,-0.0294754505157471,0,"e2q2.2","No","lb2"
"350","q30",44,146,8.453994,0,1,21.5367660522461,0,"e2q2.2","No","lb2"
"351","q30",45,148,7.165222,0,1,27.1741943359375,0,"e2q2.2","No","lb2"
"352","q30",46,149,10.42382,0,1,-1.33421325683594,1,"e2q2.2","No","lb2"
"353","q30",48,150,5.602728,0,1,7.61483001708984,0,"e2q2.2","No","lb2"
"354","q30",48,155,8.994161,0,1,21.4983596801758,0,"e2q2.2","No","lb2"
"355","q30",48,152,7.53825,1,1,13.9660110473633,0,"e2q2.2","No","lb2"
"356","q30",48,153,7.326043,1,1,15.0069046020508,0,"e2q2.2","No","lb2"
"357","q30",48,154,4.861776,0,1,18.8361663818359,0,"e2q2.2","No","lb2"
"358","q30",48,159,12.74837,1,1,24.7718601226807,0,"e2q2.2","No","lb2"
"359","q30",48,156,7.407879,1,1,8.74643707275391,0,"e2q2.2","No","lb2"
"360","q30",48,157,9.281561,1,1,32.7566146850586,0,"e2q2.2","No","lb2"
"361","q30",48,158,10.54013,1,1,4.36184692382812,0,"e2q2.2","No","lb2"
"362","q30",48,151,5.110634,1,1,11.3858184814453,0,"e2q2.2","No","lb2"
"363","q30",49,163,4.126162,0,1,8.27373504638672,0,"e2q2.2","No","lb2"
"364","q30",49,164,4.828804,0,1,11.3747177124023,0,"e2q2.2","No","lb2"
"365","q30",49,166,3.63966,0,1,21.9893379211426,0,"e2q2.2","No","lb2"
"366","q30",49,167,3.880077,0,1,27.9980583190918,0,"e2q2.2","No","lb2"
"367","q30",49,168,3.541828,1,1,16.1890430450439,0,"e2q2.2","No","lb2"
"368","q30",49,169,9.092039,1,1,0.650329172611237,1,"e2q2.2","No","lb2"
"369","q30",49,170,1.506329,0,1,0.349579632282257,1,"e2q2.2","No","lb2"
"370","q30",49,171,0.9122813,1,1,0.439935803413391,1,"e2q2.2","No","lb2"
"371","q30",49,160,5.462117,1,1,0.0232772827148438,1,"e2q2.2","No","lb2"
"372","q30",49,161,5.838367,0,1,2.82529449462891,0,"e2q2.2","No","lb2"
"373","q30",49,162,4.132557,1,1,6.95096588134766,0,"e2q2.2","No","lb2"
"374","q30",49,165,6.628233,1,1,25.1252040863037,0,"e2q2.2","No","lb2"
"375","q30",50,172,3.541019,1,1,17.0674018859863,0,"e2q2.2","No","lb2"
"376","q30",50,174,3.000925,0,1,16.3643646240234,0,"e2q2.2","No","lb2"
"377","q30",50,173,3.807438,1,1,19.9617156982422,0,"e2q2.2","No","lb2"
"378","q30",51,175,2.378654,0,1,0.16595458984375,1,"e2q2.2","No","lb2"
"379","q30",53,177,14.41486,1,1,27.0518379211426,0,"e2q2.2","No","lb2"
"380","q30",53,176,5.487848,0,1,23.0391101837158,0,"e2q2.2","No","lb2"
"381","q30",53,178,1.397561,0,1,0.674224019050598,1,"e2q2.2","No","lb2"
"382","q30",54,179,16.97804,0,1,-0.159408569335938,1,"e2q2.2","No","lb2"
"383","q30",57,181,31.00644,0,1,37.2500915527344,0,"e2q2.2","No","lb2"
"384","q30",57,180,36.18781,0,1,28.8938827514648,0,"e2q2.2","No","lb2"
"385","q30",57,182,47.07486,0,1,38.7291488647461,0,"e2q2.2","No","lb2"
"386","q30",57,184,55.85915,0,1,1.31740844249725,0,"e2q2.2","No","lb2"
"387","q30",57,183,89.26591,1,1,28.4994869232178,0,"e2q2.2","No","lb2"
"388","q30",58,185,14.22404,0,1,0.61553955078125,0,"e2q2.2","No","lb2"
"389","q30",58,189,5.537877,1,1,43.4630241394043,0,"e2q2.2","No","lb2"
"390","q30",58,190,0.7217093,1,1,5.76279449462891,0,"e2q2.2","No","lb2"
"391","q30",58,192,0.7217054,0,1,23.9848194122314,0,"e2q2.2","No","lb2"
"392","q30",58,193,5.950835,0,1,16.218957901001,0,"e2q2.2","No","lb2"
"393","q30",58,194,0.7217033,0,1,8.38071632385254,0,"e2q2.2","No","lb2"
"394","q30",58,186,0.7217078,0,1,16.5647735595703,0,"e2q2.2","No","lb2"
"395","q30",58,187,9.054194,0,1,14.061635017395,0,"e2q2.2","No","lb2"
"396","q30",58,188,0.7217062,0,1,9.33265686035156,0,"e2q2.2","No","lb2"
"397","q30",58,191,21.68618,0,1,12.5676879882812,0,"e2q2.2","No","lb2"
"398","q30",59,195,24.72038,0,1,4.26375579833984,0,"e2q2.2","No","lb2"
"399","q30",59,196,23.70557,0,1,33.0901031494141,0,"e2q2.2","No","lb2"
"400","q30",59,197,30.76925,0,1,5.48548555374146,0,"e2q2.2","No","lb2"
"401","q30",60,198,12.37764,0,1,0.706626892089844,1,"e2q2.2","No","lb2"
"402","q30",61,199,5.368218,0,1,8.04233551025391,0,"e2q2.2","No","lb2"
"403","q30",61,203,1.2039,0,1,5.74760055541992,0,"e2q2.2","No","lb2"
"404","q30",61,204,5.022454,0,1,-0.578244626522064,1,"e2q2.2","No","lb2"
"405","q30",61,201,2.533806,0,1,11.3570251464844,0,"e2q2.2","No","lb2"
"406","q30",61,202,1.16274,0,1,20.2616863250732,0,"e2q2.2","No","lb2"
"407","q30",61,200,5.490012,0,1,44.7078590393066,0,"e2q2.2","No","lb2"
"408","q30",61,205,2.532351,0,1,0.783894956111908,1,"e2q2.2","No","lb2"
"409","q30",64,208,7.148635,0,1,40.470630645752,0,"e2q2.2","No","lb2"
"410","q30",64,207,11.49901,1,1,44.8193092346191,0,"e2q2.2","No","lb2"
"411","q30",64,209,12.87896,0,1,12.5113573074341,0,"e2q2.2","No","lb2"
"412","q30",64,206,14.68833,0,1,6.52700042724609,0,"e2q2.2","No","lb2"
"413","q30",64,211,9.367837,1,1,9.0714282989502,0,"e2q2.2","No","lb2"
"414","q30",64,210,8.502635,0,1,10.133111000061,0,"e2q2.2","No","lb2"
"415","q30",65,212,10.55374,0,1,3.07302093505859,0,"e2q2.2","No","lb2"
"416","q30",65,216,2.622583,0,1,6.56001615524292,0,"e2q2.2","No","lb2"
"417","q30",65,217,5.519121,0,1,2.05491518974304,0,"e2q2.2","No","lb2"
"418","q30",65,214,3.366172,0,1,32.8863830566406,0,"e2q2.2","No","lb2"
"419","q30",65,215,2.932807,0,1,11.9220972061157,0,"e2q2.2","No","lb2"
"420","q30",65,213,3.307475,0,1,5.65823602676392,0,"e2q2.2","No","lb2"
"421","q30",68,221,63.25076,0,1,9.75884246826172,0,"e2q2.2","No","lb2"
"422","q30",68,219,172.4594,1,1,0.0138626098632812,0,"e2q2.2","No","lb2"
"423","q30",68,220,494.8883,1,1,3.11496734619141,0,"e2q2.2","No","lb2"
"424","q30",68,218,219.1997,0,1,-0.220298767089844,0,"e2q2.2","No","lb2"
"425","q30",69,222,265.2649,1,1,17.5317115783691,0,"e2q2.2","No","lb2"
"426","q30",69,223,164.9814,0,1,1.81166744232178,0,"e2q2.2","No","lb2"
"427","q30",70,224,9.645904,1,1,13.9999847412109,0,"e2q2.2","No","lb2"
"428","q30",71,225,139.774,0,1,5.40341186523438,0,"e2q2.2","No","lb2"
"429","q31",35,46,19.61076,1,1,3.96936798095703,0,"e2q2.3","No","lb2"
"430","q31",37,47,24.71393,1,1,-0.113983154296875,1,"e2q2.3","No","lb2"
"431","q31",48,49,8.955126,0,1,27.1957778930664,0,"e2q2.3","No","lb2"
"432","q31",49,50,2.896838,1,1,9.21487426757812,0,"e2q2.3","No","lb2"
"433","q31",49,51,3.620801,1,1,9.05921745300293,0,"e2q2.3","No","lb2"
"434","q31",50,52,3.678556,1,1,5.14492034912109,0,"e2q2.3","No","lb2"
"435","q31",50,53,2.041363,1,1,24.7218170166016,0,"e2q2.3","No","lb2"
"436","q31",50,54,5.961259,1,1,35.8783264160156,0,"e2q2.3","No","lb2"
"437","q31",50,55,1.591749,0,1,23.0749969482422,0,"e2q2.3","No","lb2"
"438","q31",50,56,5.085432,0,1,1.62948226928711,1,"e2q2.3","No","lb2"
"439","q31",50,57,3.015761,1,1,16.4967975616455,0,"e2q2.3","No","lb2"
"440","q31",50,58,1.921664,0,1,37.0350685119629,0,"e2q2.3","No","lb2"
"441","q31",50,59,2.049426,1,1,34.9673805236816,0,"e2q2.3","No","lb2"
"442","q31",51,60,39.04808,1,1,0.0556420423090458,1,"e2q2.3","No","lb2"
"443","q31",51,61,11.61786,0,1,11.41845703125,0,"e2q2.3","No","lb2"
"444","q31",51,62,21.06284,0,1,15.1098709106445,0,"e2q2.3","No","lb2"
"445","q31",51,63,8.704407,0,1,19.9564895629883,0,"e2q2.3","No","lb2"
"446","q31",51,64,27.07965,0,1,19.9790878295898,0,"e2q2.3","No","lb2"
"447","q31",51,65,5.523334,0,1,18.4470348358154,0,"e2q2.3","No","lb2"
"448","q31",51,66,3.071017,0,1,21.6226444244385,0,"e2q2.3","No","lb2"
"449","q31",51,67,15.26055,0,1,25.0942993164062,0,"e2q2.3","No","lb2"
"450","q31",51,68,8.675627,0,1,21.3923091888428,0,"e2q2.3","No","lb2"
"451","q31",51,69,7.656192,0,1,25.9716033935547,0,"e2q2.3","No","lb2"
"452","q31",51,70,8.372157,0,1,30.1537628173828,0,"e2q2.3","No","lb2"
"453","q31",51,71,10.60618,0,1,30.2866592407227,0,"e2q2.3","No","lb2"
"454","q31",51,72,15.49625,0,1,37.7953948974609,0,"e2q2.3","No","lb2"
"455","q31",51,73,20.51099,0,1,43.1957778930664,0,"e2q2.3","No","lb2"
"456","q31",51,74,8.946617,0,1,27.2513656616211,0,"e2q2.3","No","lb2"
"457","q31",51,75,22.80054,0,1,28.0481357574463,0,"e2q2.3","No","lb2"
"458","q31",51,76,10.87037,0,1,24.6283473968506,0,"e2q2.3","No","lb2"
"459","q31",51,77,6.315347,0,1,23.8359909057617,0,"e2q2.3","No","lb2"
"460","q31",51,78,30.76648,0,1,15.2803936004639,0,"e2q2.3","No","lb2"
"461","q31",51,79,18.78481,0,1,10.4798183441162,0,"e2q2.3","No","lb2"
"462","q31",51,80,19.45128,1,1,7.09784698486328,0,"e2q2.3","No","lb2"
"463","q31",51,81,6.711709,0,1,3.95461559295654,0,"e2q2.3","No","lb2"
"464","q31",51,82,5.360213,0,1,5.0922384262085,0,"e2q2.3","No","lb2"
"465","q31",51,83,3.865887,0,1,3.46382260322571,0,"e2q2.3","No","lb2"
"466","q31",51,84,2.11654,0,1,1.27182006835938,1,"e2q2.3","No","lb2"
"467","q31",56,85,5.406345,1,1,45.918155670166,0,"e2q2.3","No","lb2"
"468","q31",58,86,196.2167,1,1,-0.0586503744125366,0,"e2q2.3","No","lb2"
"469","q31",58,87,41.16574,1,1,26.3120193481445,0,"e2q2.3","No","lb2"
"470","q31",59,88,133.9004,1,1,0.470306396484375,0,"e2q2.3","No","lb2"
"471","q31",60,89,7.74172,1,1,4.21640014648438,0,"e2q2.3","No","lb2"
"472","q31",60,90,10.72187,0,1,7.21636199951172,0,"e2q2.3","No","lb2"
"473","q31",60,91,7.306723,0,1,-0.135597229003906,1,"e2q2.3","No","lb2"
"474","q31",60,92,14.8636,1,1,4.43215179443359,0,"e2q2.3","No","lb2"
"475","q31",61,93,149.3256,1,1,-0.288284689188004,0,"e2q2.3","No","lb2"
"476","q31",61,94,5.29473,0,1,16.5439987182617,0,"e2q2.3","No","lb2"
"477","q31",61,95,0.7339657,1,1,13.1043395996094,0,"e2q2.3","No","lb2"
"478","q31",61,96,24.72094,1,1,11.0368204116821,0,"e2q2.3","No","lb2"
"479","q31",61,97,10.26202,0,1,12.4635457992554,0,"e2q2.3","No","lb2"
"480","q31",61,98,3.906042,1,1,0.274406433105469,1,"e2q2.3","No","lb2"
"481","q31",61,99,19.84745,1,1,5.33907032012939,0,"e2q2.3","No","lb2"
"482","q31",63,100,8.34592,0,1,17.275505065918,0,"e2q2.3","No","lb2"
"483","q31",64,101,5.095726,1,1,1.63026428222656,1,"e2q2.3","No","lb2"
"484","q31",66,102,23.14279,0,1,-0.728580117225647,1,"e2q2.3","No","lb2"
"485","q32",33,27,14.11285,1,1,5.45873260498047,0,"e2q2.4","No","lb2"
"486","q32",33,28,119.6918,1,1,11.9522247314453,0,"e2q2.4","No","lb2"
"487","q32",33,29,18.50957,1,1,2.92642045021057,0,"e2q2.4","No","lb2"
"488","q32",34,30,19.61184,1,1,1.18855285644531,0,"e2q2.4","No","lb2"
"489","q32",34,31,29.64133,1,1,1.76789855957031,0,"e2q2.4","No","lb2"
"490","q32",34,32,2.330486,0,1,4.60433197021484,0,"e2q2.4","No","lb2"
"491","q32",34,33,10.19303,1,1,3.395183801651,0,"e2q2.4","No","lb2"
"492","q32",34,34,4.918703,1,1,10.2493286132812,0,"e2q2.4","No","lb2"
"493","q32",34,35,8.051632,0,1,12.1619186401367,0,"e2q2.4","No","lb2"
"494","q32",34,36,88.38764,1,1,15.5546112060547,0,"e2q2.4","No","lb2"
"495","q32",34,37,7.500691,0,1,21.8872604370117,0,"e2q2.4","No","lb2"
"496","q32",34,38,5.146086,1,1,22.9172439575195,0,"e2q2.4","No","lb2"
"497","q32",34,39,13.75218,0,1,27.234260559082,0,"e2q2.4","No","lb2"
"498","q32",34,40,9.043139,1,1,18.9584369659424,0,"e2q2.4","No","lb2"
"499","q32",34,41,2.419889,0,1,20.6023406982422,0,"e2q2.4","No","lb2"
"500","q32",34,42,3.450321,0,1,15.3361301422119,0,"e2q2.4","No","lb2"
"501","q32",34,43,6.508226,1,1,28.796028137207,0,"e2q2.4","No","lb2"
"502","q32",34,44,19.29962,1,1,28.4510307312012,0,"e2q2.4","No","lb2"
"503","q32",34,45,22.75052,1,1,21.874267578125,0,"e2q2.4","No","lb2"
"504","q32",34,46,22.27543,1,1,39.6688613891602,0,"e2q2.4","No","lb2"
"505","q32",34,47,13.99796,1,1,41.0885581970215,0,"e2q2.4","No","lb2"
"506","q32",34,48,10.17635,1,1,21.8483505249023,0,"e2q2.4","No","lb2"
"507","q32",34,49,11.74946,0,1,45.9132499694824,0,"e2q2.4","No","lb2"
"508","q32",34,50,12.53485,1,1,13.5805759429932,0,"e2q2.4","No","lb2"
"509","q32",34,51,37.3742,0,1,30.5337467193604,0,"e2q2.4","No","lb2"
"510","q32",34,52,15.94934,1,1,9.75129413604736,0,"e2q2.4","No","lb2"
"511","q32",34,53,11.72744,0,1,33.6399993896484,0,"e2q2.4","No","lb2"
"512","q32",34,54,9.244242,0,1,1.98745405673981,0,"e2q2.4","No","lb2"
"513","q32",34,55,14.64856,1,1,24.9043121337891,0,"e2q2.4","No","lb2"
"514","q32",34,56,12.83159,1,1,21.6906204223633,0,"e2q2.4","No","lb2"
"515","q32",34,57,16.15189,1,1,21.214448928833,0,"e2q2.4","No","lb2"
"516","q32",34,58,15.93581,0,1,2.20494842529297,0,"e2q2.4","No","lb2"
"517","q32",34,59,14.10521,0,1,0.796772658824921,0,"e2q2.4","No","lb2"
"518","q32",34,60,37.2663,1,1,2.14323568344116,0,"e2q2.4","No","lb2"
"519","q32",34,61,11.88499,0,1,6.14838218688965,0,"e2q2.4","No","lb2"
"520","q32",34,62,19.68791,1,1,4.54706478118896,0,"e2q2.4","No","lb2"
"521","q32",34,63,6.411843,0,1,1.41859638690948,1,"e2q2.4","No","lb2"
"522","q32",35,64,11.75391,0,1,23.0455780029297,0,"e2q2.4","No","lb2"
"523","q32",35,65,5.262537,0,1,1.95080626010895,1,"e2q2.4","No","lb2"
"524","q32",35,66,9.572438,0,1,30.6028594970703,0,"e2q2.4","No","lb2"
"525","q32",38,67,1.874448,0,1,5.81259107589722,0,"e2q2.4","No","lb2"
"526","q32",38,68,4.630136,1,1,4.69966316223145,0,"e2q2.4","No","lb2"
"527","q32",38,69,0.5332133,0,1,0.684662938117981,1,"e2q2.4","No","lb2"
"528","q32",39,70,11.86022,0,1,5.29186248779297,0,"e2q2.4","No","lb2"
"529","q32",39,71,0.7511795,0,1,10.8913316726685,0,"e2q2.4","No","lb2"
"530","q32",40,72,0.6875008,1,1,22.5999984741211,0,"e2q2.4","No","lb2"
"531","q32",40,73,9.187501,1,1,16.75,0,"e2q2.4","No","lb2"
"532","q32",40,74,6.964999,0,1,29.6499996185303,0,"e2q2.4","No","lb2"
"533","q32",40,75,16.0975,0,1,0.949999988079071,1,"e2q2.4","No","lb2"
"534","q32",40,76,12.5925,0,1,0.850000023841858,1,"e2q2.4","No","lb2"
"535","q32",42,77,24.33062,1,1,18.8231239318848,0,"e2q2.4","No","lb2"
"536","q32",42,78,25.75426,1,1,33.4628219604492,0,"e2q2.4","No","lb2"
"537","q32",42,79,7.218097,0,1,6.98814392089844,0,"e2q2.4","No","lb2"
"538","q32",42,80,12.931,1,1,24.4125213623047,0,"e2q2.4","No","lb2"
"539","q32",43,81,55.58499,1,1,23.1799468994141,0,"e2q2.4","No","lb2"
"540","q32",43,82,6.67782,1,1,-0.239532470703125,1,"e2q2.4","No","lb2"
"541","q32",43,83,12.74367,1,1,29.3706817626953,0,"e2q2.4","No","lb2"
"542","q32",43,84,16.15864,0,1,0.184425324201584,1,"e2q2.4","No","lb2"
"543","q32",44,85,9.57243,0,1,41.463249206543,0,"e2q2.4","No","lb2"
"544","q32",45,86,5.811759,0,1,5.99869537353516,0,"e2q2.4","No","lb2"
"545","q32",46,87,12.40406,1,1,-1.03741574287415,1,"e2q2.4","No","lb2"
"546","q32",47,88,9.934603,1,1,14.5540771484375,0,"e2q2.4","No","lb2"
"547","q32",48,89,4.688675,0,1,0.717384338378906,1,"e2q2.4","No","lb2"
"548","q32",49,90,49.42796,1,1,1.14273405075073,0,"e2q2.4","No","lb2"
"549","q32",49,91,3.890193,1,1,32.3219680786133,0,"e2q2.4","No","lb2"
"550","q32",49,92,14.59868,1,1,-0.110505469143391,1,"e2q2.4","No","lb2"
"551","q32",50,93,2.098387,1,1,2.56930541992188,1,"e2q2.4","No","lb2"
"552","q32",50,94,5.626133,0,1,19.29736328125,0,"e2q2.4","No","lb2"
"553","q32",50,95,2.522859,1,1,12.4056243896484,0,"e2q2.4","No","lb2"
"554","q32",50,96,3.598569,1,1,14.1896362304688,0,"e2q2.4","No","lb2"
"555","q32",50,97,3.032358,0,1,28.7590103149414,0,"e2q2.4","No","lb2"
"556","q32",50,98,2.961862,1,1,30.188325881958,0,"e2q2.4","No","lb2"
"557","q32",51,100,6.607912,0,1,7.62535095214844,0,"e2q2.4","No","lb2"
"558","q32",51,101,8.721767,1,1,33.3739852905273,0,"e2q2.4","No","lb2"
"559","q32",51,99,20.06891,1,1,5.69171905517578,0,"e2q2.4","No","lb2"
"560","q32",52,102,11.45348,1,1,22.5993957519531,0,"e2q2.4","No","lb2"
"561","q32",52,103,8.97118,0,1,5.87197160720825,0,"e2q2.4","No","lb2"
"562","q32",52,104,10.1555,1,1,-0.154234781861305,1,"e2q2.4","No","lb2"
"563","q32",54,105,2.052737,0,1,14.2716951370239,0,"e2q2.4","No","lb2"
"564","q32",55,106,10.02273,1,1,0.457572191953659,0,"e2q2.4","No","lb2"
"565","q32",60,107,16.39644,0,1,4.31529426574707,0,"e2q2.4","No","lb2"
"566","q32",60,108,25.22109,1,1,-0.586362302303314,1,"e2q2.4","No","lb2"
"567","q32",60,109,10.15887,1,1,1.29131329059601,1,"e2q2.4","No","lb2"
"568","q32",67,110,10.49524,0,1,1.53821337223053,0,"e2q2.4","No","lb2"
"569","q32",67,111,7.713727,0,1,4.09256410598755,0,"e2q2.4","No","lb2"
"570","q32",67,112,14.9401,1,1,14.7481708526611,0,"e2q2.4","No","lb2"
